/*
 Navicat Premium Data Transfer

 Source Server         : 10.244.115.27_devspore
 Source Server Type    : MySQL
 Source Server Version : 50739
 Source Host           : 10.244.115.27:3306
 Source Schema         : Accounting

 Target Server Type    : MySQL
 Target Server Version : 50739
 File Encoding         : 65001

 Date: 20/12/2023 14:11:36
*/

SET NAMES utf8mb4;
SET FOREIGN_KEY_CHECKS = 0;

-- ----------------------------
-- Table structure for t_account_info
-- ----------------------------
DROP TABLE IF EXISTS `t_account_info`;
CREATE TABLE `t_account_info`  (
  `id` bigint(40) NOT NULL COMMENT 'id',
  `user_info_id` bigint(40) NOT NULL COMMENT 'user_info_id{\"relation\":{\"reference\":\"t_user_info\",\"relationType\":\"AGGREGATE\",\"referenceField\":\"id\"}}',
  `bank_card_no` varchar(200) CHARACTER SET utf8 COLLATE utf8_bin NOT NULL,
  `balance` decimal(10, 0) NOT NULL,
  `create_time` timestamp(0) NOT NULL DEFAULT CURRENT_TIMESTAMP(0) COMMENT 'create time{\"searchable\":true}',
  `modify_time` timestamp(0) NOT NULL DEFAULT CURRENT_TIMESTAMP(0) ON UPDATE CURRENT_TIMESTAMP(0) COMMENT 'modified time{\"searchable\":true}',
  PRIMARY KEY (`id`) USING BTREE,
  INDEX `fk_t_account_info_t_user_info`(`user_info_id`) USING BTREE,
  CONSTRAINT `fk_t_account_info_t_user_info` FOREIGN KEY (`user_info_id`) REFERENCES `t_user_info` (`id`) ON DELETE CASCADE ON UPDATE CASCADE
) ENGINE = InnoDB CHARACTER SET = utf8 COLLATE = utf8_bin COMMENT = 'accountInfo' ROW_FORMAT = Dynamic;

-- ----------------------------
-- Records of t_account_info
-- ----------------------------
INSERT INTO `t_account_info` VALUES (800000000000000000, 600000000000000000, '6222200000000000', 7618, '2023-08-17 15:39:43', '2023-08-19 13:07:34');
INSERT INTO `t_account_info` VALUES (800000000000000001, 600000000000000001, '6222200000000001', 2747, '2023-08-17 15:32:24', '2023-08-17 15:32:24');
INSERT INTO `t_account_info` VALUES (800000000000000002, 600000000000000002, '6222200000000002', 702, '2023-08-17 15:32:46', '2023-08-17 15:32:46');
INSERT INTO `t_account_info` VALUES (800000000000000003, 600000000000000003, '6222200000000003', 1036, '2023-08-17 15:33:06', '2023-08-17 15:33:06');
INSERT INTO `t_account_info` VALUES (800000000000000004, 600000000000000004, '6222200000000004', 1036, '2023-08-17 15:33:26', '2023-08-17 15:33:26');
INSERT INTO `t_account_info` VALUES (800000000000000005, 600000000000000005, '6222200000000005', 1036, '2023-08-17 15:34:48', '2023-08-17 15:34:48');
INSERT INTO `t_account_info` VALUES (800000000000000006, 600000000000000006, '6222200000000006', 1036, '2023-08-17 15:35:06', '2023-08-17 15:35:06');
INSERT INTO `t_account_info` VALUES (800000000000000007, 600000000000000007, '6222200000000007', 1036, '2023-08-17 15:36:58', '2023-08-17 15:36:58');
INSERT INTO `t_account_info` VALUES (800000000000000008, 600000000000000008, '6222200000000008', 1036, '2023-08-17 15:37:16', '2023-08-17 15:37:16');
INSERT INTO `t_account_info` VALUES (800000000000000009, 600000000000000009, '6222200000000009', 1036, '2023-08-17 15:38:34', '2023-08-17 15:38:34');
INSERT INTO `t_account_info` VALUES (800000000000000010, 600000000000000010, '6222200000000010', 1037, '2023-08-17 15:39:43', '2023-08-17 15:39:43');
INSERT INTO `t_account_info` VALUES (800000000000000011, 600000000000000011, '6222200000000011', 1036, '2023-08-17 15:32:24', '2023-08-17 15:32:24');
INSERT INTO `t_account_info` VALUES (800000000000000012, 600000000000000012, '6222200000000012', 1037, '2023-08-17 15:32:46', '2023-08-17 15:32:46');
INSERT INTO `t_account_info` VALUES (800000000000000013, 600000000000000013, '6222200000000013', 1036, '2023-08-17 15:33:06', '2023-08-17 15:33:06');
INSERT INTO `t_account_info` VALUES (800000000000000014, 600000000000000014, '6222200000000014', 1036, '2023-08-17 15:33:26', '2023-08-17 15:33:26');
INSERT INTO `t_account_info` VALUES (800000000000000015, 600000000000000015, '6222200000000015', 1036, '2023-08-17 15:34:48', '2023-08-17 15:34:48');
INSERT INTO `t_account_info` VALUES (800000000000000016, 600000000000000016, '6222200000000016', 1036, '2023-08-17 15:35:06', '2023-08-17 15:35:06');
INSERT INTO `t_account_info` VALUES (800000000000000017, 600000000000000017, '6222200000000017', 1036, '2023-08-17 15:36:58', '2023-08-17 15:36:58');
INSERT INTO `t_account_info` VALUES (800000000000000018, 600000000000000018, '6222200000000018', 1037, '2023-08-17 15:37:16', '2023-08-17 15:37:16');
INSERT INTO `t_account_info` VALUES (800000000000000019, 600000000000000019, '6222200000000019', 1036, '2023-08-17 15:38:34', '2023-08-17 15:38:34');
INSERT INTO `t_account_info` VALUES (800000000000000020, 600000000000000020, '6222200000000020', 1037, '2023-08-17 15:39:43', '2023-08-17 15:39:43');
INSERT INTO `t_account_info` VALUES (800000000000000021, 600000000000000021, '6222200000000021', 1036, '2023-08-17 15:32:24', '2023-08-17 15:32:24');
INSERT INTO `t_account_info` VALUES (800000000000000022, 600000000000000022, '6222200000000022', 1036, '2023-08-17 15:32:46', '2023-08-17 15:32:46');
INSERT INTO `t_account_info` VALUES (800000000000000023, 600000000000000023, '6222200000000023', 1036, '2023-08-17 15:33:06', '2023-08-17 15:33:06');
INSERT INTO `t_account_info` VALUES (800000000000000024, 600000000000000024, '6222200000000024', 1036, '2023-08-17 15:33:26', '2023-08-17 15:33:26');
INSERT INTO `t_account_info` VALUES (800000000000000025, 600000000000000025, '6222200000000025', 1037, '2023-08-17 15:34:48', '2023-08-17 15:34:48');
INSERT INTO `t_account_info` VALUES (800000000000000026, 600000000000000026, '6222200000000026', 1036, '2023-08-17 15:35:06', '2023-08-17 15:35:06');
INSERT INTO `t_account_info` VALUES (800000000000000027, 600000000000000027, '6222200000000027', 1037, '2023-08-17 15:36:58', '2023-08-17 15:36:58');
INSERT INTO `t_account_info` VALUES (800000000000000028, 600000000000000028, '6222200000000028', 1036, '2023-08-17 15:37:16', '2023-08-17 15:37:16');
INSERT INTO `t_account_info` VALUES (800000000000000029, 600000000000000029, '6222200000000029', 1036, '2023-08-17 15:38:34', '2023-08-17 15:38:34');
INSERT INTO `t_account_info` VALUES (800000000000000030, 600000000000000030, '6222200000000030', 1036, '2023-08-17 15:39:43', '2023-08-17 15:39:43');
INSERT INTO `t_account_info` VALUES (800000000000000031, 600000000000000031, '6222200000000031', 1036, '2023-08-17 15:32:24', '2023-08-17 15:32:24');
INSERT INTO `t_account_info` VALUES (800000000000000032, 600000000000000032, '6222200000000032', 1036, '2023-08-17 15:32:46', '2023-08-17 15:32:46');
INSERT INTO `t_account_info` VALUES (800000000000000033, 600000000000000033, '6222200000000033', 1037, '2023-08-17 15:33:06', '2023-08-17 15:33:06');
INSERT INTO `t_account_info` VALUES (800000000000000034, 600000000000000034, '6222200000000034', 1156, '2023-08-17 15:33:26', '2023-08-17 15:33:26');
INSERT INTO `t_account_info` VALUES (800000000000000035, 600000000000000035, '6222200000000035', 1036, '2023-08-17 15:34:48', '2023-08-17 15:34:48');
INSERT INTO `t_account_info` VALUES (800000000000000036, 600000000000000036, '6222200000000036', 1036, '2023-08-17 15:35:06', '2023-08-17 15:35:06');
INSERT INTO `t_account_info` VALUES (800000000000000037, 600000000000000037, '6222200000000037', 1036, '2023-08-17 15:36:58', '2023-08-17 15:36:58');
INSERT INTO `t_account_info` VALUES (800000000000000038, 600000000000000038, '6222200000000038', 1036, '2023-08-17 15:37:16', '2023-08-17 15:37:16');
INSERT INTO `t_account_info` VALUES (800000000000000039, 600000000000000039, '6222200000000039', 1036, '2023-08-17 15:38:34', '2023-08-17 15:38:34');
INSERT INTO `t_account_info` VALUES (800000000000000040, 600000000000000040, '6222200000000040', 1036, '2023-08-17 15:39:43', '2023-08-17 15:39:43');
INSERT INTO `t_account_info` VALUES (800000000000000041, 600000000000000041, '6222200000000041', 1036, '2023-08-17 15:32:24', '2023-08-17 15:32:24');
INSERT INTO `t_account_info` VALUES (800000000000000042, 600000000000000042, '6222200000000042', 1036, '2023-08-17 15:32:46', '2023-08-17 15:32:46');
INSERT INTO `t_account_info` VALUES (800000000000000043, 600000000000000043, '6222200000000043', 1036, '2023-08-17 15:33:06', '2023-08-17 15:33:06');
INSERT INTO `t_account_info` VALUES (800000000000000044, 600000000000000044, '6222200000000044', 1306, '2023-08-17 15:33:26', '2023-08-17 15:33:26');
INSERT INTO `t_account_info` VALUES (800000000000000045, 600000000000000045, '6222200000000045', 1036, '2023-08-17 15:34:48', '2023-08-17 15:34:48');
INSERT INTO `t_account_info` VALUES (800000000000000046, 600000000000000046, '6222200000000046', 1076, '2023-08-17 15:35:06', '2023-08-17 15:35:06');
INSERT INTO `t_account_info` VALUES (800000000000000047, 600000000000000047, '6222200000000047', 1036, '2023-08-17 15:36:58', '2023-08-17 15:36:58');
INSERT INTO `t_account_info` VALUES (800000000000000048, 600000000000000048, '6222200000000048', 1036, '2023-08-17 15:37:16', '2023-08-17 15:37:16');
INSERT INTO `t_account_info` VALUES (800000000000000049, 600000000000000049, '6222200000000049', 1036, '2023-08-17 15:38:34', '2023-08-17 15:38:34');
INSERT INTO `t_account_info` VALUES (800000000000000050, 600000000000000050, '6222200000000050', 1048, '2023-08-17 15:39:43', '2023-08-17 15:39:43');
INSERT INTO `t_account_info` VALUES (800000000000000051, 600000000000000051, '6222200000000051', 1037, '2023-08-17 15:32:24', '2023-08-17 15:32:24');
INSERT INTO `t_account_info` VALUES (800000000000000052, 600000000000000052, '6222200000000052', 1036, '2023-08-17 15:32:46', '2023-08-17 15:32:46');
INSERT INTO `t_account_info` VALUES (800000000000000053, 600000000000000053, '6222200000000053', 1036, '2023-08-17 15:33:06', '2023-08-17 15:33:06');
INSERT INTO `t_account_info` VALUES (800000000000000054, 600000000000000054, '6222200000000054', 1036, '2023-08-17 15:33:26', '2023-08-17 15:33:26');
INSERT INTO `t_account_info` VALUES (800000000000000055, 600000000000000055, '6222200000000055', 1040, '2023-08-17 15:34:48', '2023-08-17 15:34:48');
INSERT INTO `t_account_info` VALUES (800000000000000056, 600000000000000056, '6222200000000056', 1036, '2023-08-17 15:35:06', '2023-08-17 15:35:06');
INSERT INTO `t_account_info` VALUES (800000000000000057, 600000000000000057, '6222200000000057', 1036, '2023-08-17 15:36:58', '2023-08-17 15:36:58');
INSERT INTO `t_account_info` VALUES (800000000000000058, 600000000000000058, '6222200000000058', 1036, '2023-08-17 15:37:16', '2023-08-17 15:37:16');
INSERT INTO `t_account_info` VALUES (800000000000000059, 600000000000000059, '6222200000000059', 1036, '2023-08-17 15:38:34', '2023-08-17 15:38:34');
INSERT INTO `t_account_info` VALUES (800000000000000060, 600000000000000060, '6222200000000070', 1036, '2023-08-17 15:39:43', '2023-08-17 15:39:43');
INSERT INTO `t_account_info` VALUES (800000000000000061, 600000000000000061, '6222200000000061', 1036, '2023-08-17 15:32:24', '2023-08-17 15:32:24');
INSERT INTO `t_account_info` VALUES (800000000000000062, 600000000000000062, '6222200000000062', 1036, '2023-08-17 15:32:46', '2023-08-17 15:32:46');
INSERT INTO `t_account_info` VALUES (800000000000000063, 600000000000000063, '6222200000000063', 1036, '2023-08-17 15:33:06', '2023-08-17 15:33:06');
INSERT INTO `t_account_info` VALUES (800000000000000064, 600000000000000064, '6222200000000064', 1036, '2023-08-17 15:33:26', '2023-08-17 15:33:26');
INSERT INTO `t_account_info` VALUES (800000000000000065, 600000000000000065, '6222200000000065', 1036, '2023-08-17 15:34:48', '2023-08-17 15:34:48');
INSERT INTO `t_account_info` VALUES (800000000000000066, 600000000000000066, '6222200000000066', 1037, '2023-08-17 15:35:06', '2023-08-17 15:35:06');
INSERT INTO `t_account_info` VALUES (800000000000000067, 600000000000000067, '6222200000000067', 1076, '2023-08-17 15:36:58', '2023-08-17 15:36:58');
INSERT INTO `t_account_info` VALUES (800000000000000068, 600000000000000068, '6222200000000068', 1036, '2023-08-17 15:37:16', '2023-08-17 15:37:16');
INSERT INTO `t_account_info` VALUES (800000000000000069, 600000000000000069, '6222200000000069', 1036, '2023-08-17 15:38:34', '2023-08-17 15:38:34');
INSERT INTO `t_account_info` VALUES (800000000000000070, 600000000000000070, '6222200000000070', 1036, '2023-08-17 15:39:43', '2023-08-17 15:39:43');
INSERT INTO `t_account_info` VALUES (800000000000000071, 600000000000000071, '6222200000000071', 1036, '2023-08-17 15:32:24', '2023-08-17 15:32:24');
INSERT INTO `t_account_info` VALUES (800000000000000072, 600000000000000072, '6222200000000072', 1036, '2023-08-17 15:32:46', '2023-08-17 15:32:46');
INSERT INTO `t_account_info` VALUES (800000000000000073, 600000000000000073, '6222200000000073', 1036, '2023-08-17 15:33:06', '2023-08-17 15:33:06');
INSERT INTO `t_account_info` VALUES (800000000000000074, 600000000000000074, '6222200000000074', 1036, '2023-08-17 15:33:26', '2023-08-17 15:33:26');
INSERT INTO `t_account_info` VALUES (800000000000000075, 600000000000000075, '6222200000000075', 1036, '2023-08-17 15:34:48', '2023-08-17 15:34:48');
INSERT INTO `t_account_info` VALUES (800000000000000076, 600000000000000076, '6222200000000076', 1036, '2023-08-17 15:35:06', '2023-08-17 15:35:06');
INSERT INTO `t_account_info` VALUES (800000000000000077, 600000000000000077, '6222200000000077', 1038, '2023-08-17 15:36:58', '2023-08-17 15:36:58');
INSERT INTO `t_account_info` VALUES (800000000000000078, 600000000000000078, '6222200000000078', 1036, '2023-08-17 15:37:16', '2023-08-17 15:37:16');
INSERT INTO `t_account_info` VALUES (800000000000000079, 600000000000000079, '6222200000000079', 1036, '2023-08-17 15:38:34', '2023-08-17 15:38:34');
INSERT INTO `t_account_info` VALUES (800000000000000080, 600000000000000080, '6222200000000080', 1036, '2023-08-17 15:39:43', '2023-08-17 15:39:43');
INSERT INTO `t_account_info` VALUES (800000000000000081, 600000000000000081, '6222200000000081', 1036, '2023-08-17 15:32:24', '2023-08-17 15:32:24');
INSERT INTO `t_account_info` VALUES (800000000000000082, 600000000000000082, '6222200000000082', 1036, '2023-08-17 15:32:46', '2023-08-17 15:32:46');
INSERT INTO `t_account_info` VALUES (800000000000000083, 600000000000000083, '6222200000000083', 1036, '2023-08-17 15:33:06', '2023-08-17 15:33:06');
INSERT INTO `t_account_info` VALUES (800000000000000084, 600000000000000084, '6222200000000084', 1036, '2023-08-17 15:33:26', '2023-08-17 15:33:26');
INSERT INTO `t_account_info` VALUES (800000000000000085, 600000000000000085, '6222200000000085', 1036, '2023-08-17 15:34:48', '2023-08-17 15:34:48');
INSERT INTO `t_account_info` VALUES (800000000000000086, 600000000000000086, '6222200000000086', 1037, '2023-08-17 15:35:06', '2023-08-17 15:35:06');
INSERT INTO `t_account_info` VALUES (800000000000000087, 600000000000000087, '6222200000000087', 1036, '2023-08-17 15:36:58', '2023-08-17 15:36:58');
INSERT INTO `t_account_info` VALUES (800000000000000088, 600000000000000088, '6222200000000088', 1052, '2023-08-17 15:37:16', '2023-08-17 15:37:16');
INSERT INTO `t_account_info` VALUES (800000000000000089, 600000000000000089, '6222200000000089', 1036, '2023-08-17 15:38:34', '2023-08-17 15:38:34');
INSERT INTO `t_account_info` VALUES (800000000000000090, 600000000000000090, '6222200000000090', 1088, '2023-08-17 15:39:43', '2023-08-17 15:39:43');
INSERT INTO `t_account_info` VALUES (800000000000000091, 600000000000000091, '6222200000000091', 1036, '2023-08-17 15:32:24', '2023-08-17 15:32:24');
INSERT INTO `t_account_info` VALUES (800000000000000092, 600000000000000092, '6222200000000092', 1036, '2023-08-17 15:32:46', '2023-08-17 15:32:46');
INSERT INTO `t_account_info` VALUES (800000000000000093, 600000000000000093, '6222200000000093', 1036, '2023-08-17 15:33:06', '2023-08-17 15:33:06');
INSERT INTO `t_account_info` VALUES (800000000000000094, 600000000000000094, '6222200000000094', 1036, '2023-08-17 15:33:26', '2023-08-17 15:33:26');
INSERT INTO `t_account_info` VALUES (800000000000000095, 600000000000000095, '6222200000000095', 1048, '2023-08-17 15:34:48', '2023-08-17 15:34:48');
INSERT INTO `t_account_info` VALUES (800000000000000096, 600000000000000096, '6222200000000096', 1036, '2023-08-17 15:35:06', '2023-08-17 15:35:06');
INSERT INTO `t_account_info` VALUES (800000000000000097, 600000000000000097, '6222200000000097', 1036, '2023-08-17 15:36:58', '2023-08-17 15:36:58');
INSERT INTO `t_account_info` VALUES (800000000000000098, 600000000000000098, '6222200000000098', 1048, '2023-08-17 15:37:16', '2023-08-17 15:37:16');
INSERT INTO `t_account_info` VALUES (800000000000000099, 600000000000000099, '6222200000000099', 1455, '2023-08-17 15:38:34', '2023-08-17 15:38:34');

-- ----------------------------
-- Table structure for t_account_trans_detail
-- ----------------------------
DROP TABLE IF EXISTS `t_account_trans_detail`;
CREATE TABLE `t_account_trans_detail`  (
  `id` bigint(40) NOT NULL COMMENT 'id',
  `account_info_id` bigint(40) NOT NULL COMMENT 'account_info_id{\"relation\":{\"reference\":\"t_account_info\",\"relationType\":\"AGGREGATE\",\"referenceField\":\"id\"}}',
  `user_info_id` bigint(40) NOT NULL COMMENT 'user_info_id{\"relation\":{\"reference\":\"t_user_info\",\"relationType\":\"ONE2MANY\",\"referenceField\":\"id\"}}',
  `transfer_type` enum('transfer in','transfer out') CHARACTER SET utf8 COLLATE utf8_bin NOT NULL,
  `amount` decimal(65, 0) NOT NULL,
  `balance` decimal(65, 0) NOT NULL,
  `transfer_from_card_no` varchar(200) CHARACTER SET utf8 COLLATE utf8_bin NULL DEFAULT NULL,
  `transfer_to_card_no` varchar(200) CHARACTER SET utf8 COLLATE utf8_bin NULL DEFAULT NULL,
  `create_time` timestamp(0) NOT NULL DEFAULT CURRENT_TIMESTAMP(0) COMMENT 'create time{\"searchable\":true}',
  `modify_time` timestamp(0) NOT NULL DEFAULT CURRENT_TIMESTAMP(0) ON UPDATE CURRENT_TIMESTAMP(0) COMMENT 'modified time{\"searchable\":true}',
  PRIMARY KEY (`id`) USING BTREE,
  INDEX `fk_t_account_trans_detail_t_account_info`(`account_info_id`) USING BTREE,
  CONSTRAINT `fk_t_account_trans_detail_t_account_info` FOREIGN KEY (`account_info_id`) REFERENCES `t_account_info` (`id`) ON DELETE CASCADE ON UPDATE NO ACTION
) ENGINE = InnoDB CHARACTER SET = utf8 COLLATE = utf8_bin COMMENT = 'accountTransDetail' ROW_FORMAT = Dynamic;

-- ----------------------------
-- Records of t_account_trans_detail
-- ----------------------------
INSERT INTO `t_account_trans_detail` VALUES (852316641075773440, 800000000000000000, 600000000000000000, 'transfer out', 30, 970, '6222200000000000', '6222200000000001', '2023-08-18 08:45:32', '2023-08-18 08:45:32');
INSERT INTO `t_account_trans_detail` VALUES (852316644351524864, 800000000000000001, 600000000000000001, 'transfer in', 30, 1030, '6222200000000000', '6222200000000001', '2023-08-18 08:45:33', '2023-08-18 08:45:33');
INSERT INTO `t_account_trans_detail` VALUES (852367275179229184, 800000000000000000, 600000000000000000, 'transfer out', 50, 920, '6222200000000000', '6222200000000001', '2023-08-18 12:06:44', '2023-08-18 12:06:44');
INSERT INTO `t_account_trans_detail` VALUES (852367277498679296, 800000000000000001, 600000000000000001, 'transfer in', 50, 1080, '6222200000000000', '6222200000000001', '2023-08-18 12:06:44', '2023-08-18 12:06:44');
INSERT INTO `t_account_trans_detail` VALUES (852367279163817984, 800000000000000001, 600000000000000001, 'transfer in', 50, 1130, '6222200000000000', '6222200000000001', '2023-08-18 12:06:45', '2023-08-18 12:06:45');
INSERT INTO `t_account_trans_detail` VALUES (852367934880333824, 800000000000000000, 600000000000000000, 'transfer out', 50, 870, '6222200000000000', '6222200000000001', '2023-08-18 12:09:21', '2023-08-18 12:09:21');
INSERT INTO `t_account_trans_detail` VALUES (852367938936225792, 800000000000000001, 600000000000000001, 'transfer in', 50, 1180, '6222200000000000', '6222200000000001', '2023-08-18 12:09:22', '2023-08-18 12:09:22');
INSERT INTO `t_account_trans_detail` VALUES (852367942253920256, 800000000000000001, 600000000000000001, 'transfer in', 50, 1230, '6222200000000000', '6222200000000001', '2023-08-18 12:09:23', '2023-08-18 12:09:23');
INSERT INTO `t_account_trans_detail` VALUES (852497226438758400, 800000000000000000, 600000000000000000, 'transfer out', 200, 670, '800000000000000000', '800000000000000001', '2023-08-18 20:46:27', '2023-08-18 20:46:27');
INSERT INTO `t_account_trans_detail` VALUES (852497227382476800, 800000000000000001, 600000000000000001, 'transfer in', 200, 1430, '800000000000000000', '800000000000000001', '2023-08-18 20:46:27', '2023-08-18 20:46:27');
INSERT INTO `t_account_trans_detail` VALUES (852499437680021504, 800000000000000000, 600000000000000000, 'transfer out', 10, 660, '800000000000000000', '800000000000000001', '2023-08-18 20:55:14', '2023-08-18 20:55:14');
INSERT INTO `t_account_trans_detail` VALUES (852499437856182272, 800000000000000001, 600000000000000001, 'transfer in', 10, 1440, '800000000000000000', '800000000000000001', '2023-08-18 20:55:14', '2023-08-18 20:55:14');
INSERT INTO `t_account_trans_detail` VALUES (852506239532486656, 800000000000000000, 600000000000000000, 'transfer out', 11, 649, '800000000000000000', '800000000000000001', '2023-08-18 21:22:16', '2023-08-18 21:22:16');
INSERT INTO `t_account_trans_detail` VALUES (852506239670898688, 800000000000000001, 600000000000000001, 'transfer in', 11, 1451, '800000000000000000', '800000000000000001', '2023-08-18 21:22:16', '2023-08-18 21:22:16');
INSERT INTO `t_account_trans_detail` VALUES (852507828898349056, 800000000000000000, 600000000000000000, 'transfer out', 30, 619, '6222200000000000', '6222200000000001', '2023-08-18 21:25:14', '2023-08-18 21:25:14');
INSERT INTO `t_account_trans_detail` VALUES (852508842774872064, 800000000000000000, 600000000000000000, 'transfer out', 30, 589, '6222200000000000', '6222200000000099', '2023-08-18 21:29:16', '2023-08-18 21:29:16');
INSERT INTO `t_account_trans_detail` VALUES (852509003739676672, 800000000000000000, 600000000000000000, 'transfer out', 30, 559, '6222200000000000', '6222200000000099', '2023-08-18 21:29:54', '2023-08-18 21:29:54');
INSERT INTO `t_account_trans_detail` VALUES (852509139949699072, 800000000000000000, 600000000000000000, 'transfer out', 30, 529, '6222200000000000', '6222200000000099', '2023-08-18 21:30:27', '2023-08-18 21:30:27');
INSERT INTO `t_account_trans_detail` VALUES (852509919062638592, 800000000000000000, 600000000000000000, 'transfer out', 30, 499, '6222200000000000', '6222200000000099', '2023-08-18 21:33:32', '2023-08-18 21:33:32');
INSERT INTO `t_account_trans_detail` VALUES (852510312316387328, 800000000000000000, 600000000000000000, 'transfer out', 30, 469, '6222200000000000', '6222200000000099', '2023-08-18 21:35:06', '2023-08-18 21:35:06');
INSERT INTO `t_account_trans_detail` VALUES (852510331996061696, 800000000000000099, 600000000000000099, 'transfer in', 30, 1030, '6222200000000000', '6222200000000099', '2023-08-18 21:35:11', '2023-08-18 21:35:11');
INSERT INTO `t_account_trans_detail` VALUES (852510727485374464, 800000000000000000, 600000000000000000, 'transfer out', 30, 439, '6222200000000000', '6222200000000099', '2023-08-18 21:36:45', '2023-08-18 21:36:45');
INSERT INTO `t_account_trans_detail` VALUES (852510896134144000, 800000000000000000, 600000000000000000, 'transfer out', 30, 409, '6222200000000000', '6222200000000099', '2023-08-18 21:37:25', '2023-08-18 21:37:25');
INSERT INTO `t_account_trans_detail` VALUES (852510916270997504, 800000000000000099, 600000000000000099, 'transfer in', 30, 1060, '6222200000000000', '6222200000000099', '2023-08-18 21:37:30', '2023-08-18 21:37:30');
INSERT INTO `t_account_trans_detail` VALUES (852513123682861056, 800000000000000000, 600000000000000000, 'transfer out', 30, 379, '6222200000000000', '6222200000000099', '2023-08-18 21:46:16', '2023-08-18 21:46:16');
INSERT INTO `t_account_trans_detail` VALUES (852513140984365056, 800000000000000099, 600000000000000099, 'transfer in', 30, 1090, '6222200000000000', '6222200000000099', '2023-08-18 21:46:21', '2023-08-18 21:46:21');
INSERT INTO `t_account_trans_detail` VALUES (852513331623870464, 800000000000000000, 600000000000000000, 'transfer out', 30, 349, '6222200000000000', '6222200000000099', '2023-08-18 21:47:06', '2023-08-18 21:47:06');
INSERT INTO `t_account_trans_detail` VALUES (852513406773215232, 800000000000000099, 600000000000000099, 'transfer in', 30, 1120, '6222200000000000', '6222200000000099', '2023-08-18 21:47:24', '2023-08-18 21:47:24');
INSERT INTO `t_account_trans_detail` VALUES (852513765046468608, 800000000000000000, 600000000000000000, 'transfer out', 30, 319, '6222200000000000', '6222200000000099', '2023-08-18 21:48:50', '2023-08-18 21:48:50');
INSERT INTO `t_account_trans_detail` VALUES (852514184762081280, 800000000000000099, 600000000000000099, 'transfer in', 30, 1150, '6222200000000000', '6222200000000099', '2023-08-18 21:50:29', '2023-08-18 21:50:29');
INSERT INTO `t_account_trans_detail` VALUES (852516141891436544, 800000000000000000, 600000000000000000, 'transfer out', 30, 289, '6222200000000000', '6222200000000099', '2023-08-18 21:58:16', '2023-08-18 21:58:16');
INSERT INTO `t_account_trans_detail` VALUES (852518621261971456, 800000000000000000, 600000000000000000, 'transfer out', 30, 259, '6222200000000000', '6222200000000050', '2023-08-18 22:08:07', '2023-08-18 22:08:07');
INSERT INTO `t_account_trans_detail` VALUES (852546084156674048, 800000000000000000, 600000000000000000, 'transfer out', 0, 259, '6222200000000000', '62222000000000050', '2023-08-19 00:00:36', '2023-08-19 00:00:36');
INSERT INTO `t_account_trans_detail` VALUES (852549442070319104, 800000000000000000, 600000000000000000, 'transfer out', 0, 259, '6222200000000000', '62222000000000050', '2023-08-19 00:13:56', '2023-08-19 00:13:56');
INSERT INTO `t_account_trans_detail` VALUES (852549995991076864, 800000000000000000, 600000000000000000, 'transfer out', 0, 259, '6222200000000000', '62222000000000050', '2023-08-19 00:16:08', '2023-08-19 00:16:08');
INSERT INTO `t_account_trans_detail` VALUES (852550278024466432, 800000000000000000, 600000000000000000, 'transfer out', 0, 259, '6222200000000000', '62222000000000049', '2023-08-19 00:17:16', '2023-08-19 00:17:16');
INSERT INTO `t_account_trans_detail` VALUES (852550281253634048, 800000000000000049, 600000000000000049, 'transfer in', 0, 1000, '6222200000000000', '62222000000000049', '2023-08-19 00:17:16', '2023-08-19 00:17:16');
INSERT INTO `t_account_trans_detail` VALUES (852551603730714624, 800000000000000000, 600000000000000000, 'transfer out', 0, 259, '6222200000000000', '62222000000000001', '2023-08-19 00:22:32', '2023-08-19 00:22:32');
INSERT INTO `t_account_trans_detail` VALUES (852552046921846784, 800000000000000000, 600000000000000000, 'transfer out', 0, 259, '6222200000000000', '62222000000000001', '2023-08-19 00:24:17', '2023-08-19 00:24:17');
INSERT INTO `t_account_trans_detail` VALUES (852552278241906688, 800000000000000000, 600000000000000000, 'transfer out', 0, 259, '6222200000000000', '62222000000000049', '2023-08-19 00:25:13', '2023-08-19 00:25:13');
INSERT INTO `t_account_trans_detail` VALUES (852552281638850560, 800000000000000049, 600000000000000049, 'transfer in', 0, 1000, '6222200000000000', '62222000000000049', '2023-08-19 00:25:13', '2023-08-19 00:25:13');
INSERT INTO `t_account_trans_detail` VALUES (852556007007522816, 800000000000000000, 600000000000000000, 'transfer out', 0, 259, '6222200000000000', '62222000000000050', '2023-08-19 00:40:02', '2023-08-19 00:40:02');
INSERT INTO `t_account_trans_detail` VALUES (852707031550603264, 800000000000000001, 600000000000000001, 'transfer out', 40, 1411, '6222200000000001', '6222200000000000', '2023-08-19 10:40:09', '2023-08-19 10:40:09');
INSERT INTO `t_account_trans_detail` VALUES (852708187383345152, 800000000000000000, 600000000000000000, 'transfer out', 40, 219, '6222200000000000', '62222000000000034', '2023-08-19 10:44:44', '2023-08-19 10:44:44');
INSERT INTO `t_account_trans_detail` VALUES (852711577763733504, 800000000000000000, 600000000000000000, 'transfer out', 40, 179, '6222200000000000', '62222000000000034', '2023-08-19 10:54:51', '2023-08-19 10:54:51');
INSERT INTO `t_account_trans_detail` VALUES (852711595967012864, 800000000000000034, 600000000000000034, 'transfer in', 40, 1040, '6222200000000000', '62222000000000034', '2023-08-19 10:54:55', '2023-08-19 10:54:55');
INSERT INTO `t_account_trans_detail` VALUES (852711993935159296, 800000000000000000, 600000000000000000, 'transfer out', 4, 175, '6222200000000000', '62222000000000099', '2023-08-19 10:56:30', '2023-08-19 10:56:30');
INSERT INTO `t_account_trans_detail` VALUES (852712006262218752, 800000000000000099, 600000000000000099, 'transfer in', 4, 1154, '6222200000000000', '62222000000000099', '2023-08-19 10:56:33', '2023-08-19 10:56:33');
INSERT INTO `t_account_trans_detail` VALUES (852712144317734912, 800000000000000000, 600000000000000000, 'transfer out', 4, 171, '6222200000000000', '62222000000000099', '2023-08-19 10:57:06', '2023-08-19 10:57:06');
INSERT INTO `t_account_trans_detail` VALUES (852712174780964864, 800000000000000099, 600000000000000099, 'transfer in', 4, 1158, '6222200000000000', '62222000000000099', '2023-08-19 10:57:13', '2023-08-19 10:57:13');
INSERT INTO `t_account_trans_detail` VALUES (852712264253857792, 800000000000000000, 600000000000000000, 'transfer out', 4, 167, '6222200000000000', '62222000000000088', '2023-08-19 10:57:35', '2023-08-19 10:57:35');
INSERT INTO `t_account_trans_detail` VALUES (852712274311798784, 800000000000000088, 600000000000000088, 'transfer in', 4, 1004, '6222200000000000', '62222000000000088', '2023-08-19 10:57:37', '2023-08-19 10:57:37');
INSERT INTO `t_account_trans_detail` VALUES (852713021824851968, 800000000000000000, 600000000000000000, 'transfer out', 4, 163, '6222200000000000', '62222000000000088', '2023-08-19 11:00:35', '2023-08-19 11:00:35');
INSERT INTO `t_account_trans_detail` VALUES (852713333151260672, 800000000000000000, 600000000000000000, 'transfer out', 4, 161, '6222200000000000', '62222000000000088', '2023-08-19 11:01:49', '2023-08-19 11:01:49');
INSERT INTO `t_account_trans_detail` VALUES (852715581067517952, 800000000000000000, 600000000000000000, 'transfer out', 4, 159, '6222200000000000', '62222000000000088', '2023-08-19 11:10:45', '2023-08-19 11:10:45');
INSERT INTO `t_account_trans_detail` VALUES (852715846730539008, 800000000000000001, 600000000000000001, 'transfer out', 4, 1411, '6222200000000001', '62222000000000088', '2023-08-19 11:11:49', '2023-08-19 11:11:49');
INSERT INTO `t_account_trans_detail` VALUES (852716431152275456, 800000000000000001, 600000000000000001, 'transfer out', 4, 1407, '6222200000000001', '62222000000000088', '2023-08-19 11:14:08', '2023-08-19 11:14:08');
INSERT INTO `t_account_trans_detail` VALUES (852716446578925568, 800000000000000001, 600000000000000001, 'transfer out', 4, 1403, '6222200000000001', '62222000000000088', '2023-08-19 11:14:12', '2023-08-19 11:14:12');
INSERT INTO `t_account_trans_detail` VALUES (852740180942860288, 800000000000000000, 600000000000000000, 'transfer out', 40, 120, '6222200000000000', '62222000000000034', '2023-08-19 12:51:52', '2023-08-19 12:51:52');
INSERT INTO `t_account_trans_detail` VALUES (852741126937403392, 800000000000000001, 600000000000000001, 'transfer out', 4, 1400, '6222200000000001', '62222000000000088', '2023-08-19 12:52:16', '2023-08-19 12:52:16');
INSERT INTO `t_account_trans_detail` VALUES (852741293486190592, 800000000000000000, 600000000000000000, 'transfer out', 40, 80, '6222200000000000', '62222000000000034', '2023-08-19 12:56:17', '2023-08-19 12:56:17');
INSERT INTO `t_account_trans_detail` VALUES (852741296315535360, 800000000000000034, 600000000000000034, 'transfer in', 40, 1085, '6222200000000000', '62222000000000034', '2023-08-19 12:56:18', '2023-08-19 12:56:18');
INSERT INTO `t_account_trans_detail` VALUES (852741517854924800, 800000000000000001, 600000000000000001, 'transfer out', 4, 1396, '6222200000000001', '62222000000000088', '2023-08-19 12:53:49', '2023-08-19 12:53:49');
INSERT INTO `t_account_trans_detail` VALUES (852741882030927872, 800000000000000000, 600000000000000000, 'transfer out', 40, 40, '6222200000000000', '62222000000000046', '2023-08-19 12:58:38', '2023-08-19 12:58:38');
INSERT INTO `t_account_trans_detail` VALUES (852741882707795968, 800000000000000046, 600000000000000046, 'transfer in', 40, 1045, '6222200000000000', '62222000000000046', '2023-08-19 12:58:38', '2023-08-19 12:58:38');
INSERT INTO `t_account_trans_detail` VALUES (852741975671595008, 800000000000000001, 600000000000000001, 'transfer out', 4, 1392, '6222200000000001', '62222000000000088', '2023-08-19 12:55:38', '2023-08-19 12:55:38');
INSERT INTO `t_account_trans_detail` VALUES (852742280783409152, 800000000000000000, 600000000000000000, 'transfer out', 40, 0, '6222200000000000', '62222000000000090', '2023-08-19 13:00:13', '2023-08-19 13:00:13');
INSERT INTO `t_account_trans_detail` VALUES (852744210876280832, 800000000000000000, 600000000000000000, 'transfer out', 40, 9960, '6222200000000000', '62222000000000090', '2023-08-19 13:07:53', '2023-08-19 13:07:53');
INSERT INTO `t_account_trans_detail` VALUES (852744211111161856, 800000000000000090, 600000000000000090, 'transfer in', 40, 1045, '6222200000000000', '62222000000000090', '2023-08-19 13:07:53', '2023-08-19 13:07:53');
INSERT INTO `t_account_trans_detail` VALUES (852744457585242112, 800000000000000000, 600000000000000000, 'transfer out', 40, 9920, '6222200000000000', '62222000000000099', '2023-08-19 13:08:52', '2023-08-19 13:08:52');
INSERT INTO `t_account_trans_detail` VALUES (852744458341830656, 800000000000000099, 600000000000000099, 'transfer in', 40, 1203, '6222200000000000', '62222000000000099', '2023-08-19 13:08:52', '2023-08-19 13:08:52');
INSERT INTO `t_account_trans_detail` VALUES (852776502587895808, 800000000000000000, 600000000000000000, 'transfer out', 40, 9881, '6222200000000000', '62222000000000099', '2023-08-19 15:16:12', '2023-08-19 15:16:12');
INSERT INTO `t_account_trans_detail` VALUES (852777814792679424, 800000000000000000, 600000000000000000, 'transfer out', 40, 9841, '6222200000000000', '62222000000000099', '2023-08-19 15:21:25', '2023-08-19 15:21:25');
INSERT INTO `t_account_trans_detail` VALUES (852831555023876096, 800000000000000000, 600000000000000000, 'transfer out', 40, 9807, '6222200000000000', '62222000000000099', '2023-08-19 18:54:57', '2023-08-19 18:54:57');
INSERT INTO `t_account_trans_detail` VALUES (852831559696334848, 800000000000000000, 600000000000000000, 'transfer out', 40, 9767, '6222200000000000', '62222000000000099', '2023-08-19 18:54:58', '2023-08-19 18:54:58');
INSERT INTO `t_account_trans_detail` VALUES (852831864186023936, 800000000000000000, 600000000000000000, 'transfer out', 1, 9766, '800000000000000000', '800000000000000001', '2023-08-19 18:56:11', '2023-08-19 18:56:11');
INSERT INTO `t_account_trans_detail` VALUES (852831881927929856, 800000000000000000, 600000000000000000, 'transfer out', 1, 9765, '800000000000000000', '800000000000000001', '2023-08-19 18:56:15', '2023-08-19 18:56:15');
INSERT INTO `t_account_trans_detail` VALUES (852832306487963648, 800000000000000000, 600000000000000000, 'transfer out', 12, 9753, '800000000000000000', '800000000000000098', '2023-08-19 18:57:56', '2023-08-19 18:57:56');
INSERT INTO `t_account_trans_detail` VALUES (852832406941544448, 800000000000000000, 600000000000000000, 'transfer out', 0, 9753, '800000000000000000', '800000000000000001', '2023-08-19 18:58:20', '2023-08-19 18:58:20');
INSERT INTO `t_account_trans_detail` VALUES (852832429842444288, 800000000000000000, 600000000000000000, 'transfer out', 1, 9752, '800000000000000000', '800000000000000001', '2023-08-19 18:58:26', '2023-08-19 18:58:26');
INSERT INTO `t_account_trans_detail` VALUES (852832650156654592, 800000000000000000, 600000000000000000, 'transfer out', 1, 9751, '800000000000000000', '800000000000000001', '2023-08-19 18:59:18', '2023-08-19 18:59:18');
INSERT INTO `t_account_trans_detail` VALUES (852832695920701440, 800000000000000000, 600000000000000000, 'transfer out', 0, 9751, '800000000000000000', '800000000000000001', '2023-08-19 18:59:29', '2023-08-19 18:59:29');
INSERT INTO `t_account_trans_detail` VALUES (852833553454546944, 800000000000000000, 600000000000000000, 'transfer out', 40, 9711, '6222200000000000', '62222000000000099', '2023-08-19 19:02:54', '2023-08-19 19:02:54');
INSERT INTO `t_account_trans_detail` VALUES (852833603136077824, 800000000000000000, 600000000000000000, 'transfer out', 1, 9710, '800000000000000000', '800000000000000001', '2023-08-19 19:03:06', '2023-08-19 19:03:06');
INSERT INTO `t_account_trans_detail` VALUES (852833656370184192, 800000000000000000, 600000000000000000, 'transfer out', 1, 9709, '800000000000000000', '800000000000000001', '2023-08-19 19:03:18', '2023-08-19 19:03:18');
INSERT INTO `t_account_trans_detail` VALUES (852839193036013568, 800000000000000000, 600000000000000000, 'transfer out', 40, 9669, '6222200000000000', '62222000000000099', '2023-08-19 19:25:18', '2023-08-19 19:25:18');
INSERT INTO `t_account_trans_detail` VALUES (852843895471550464, 800000000000000000, 600000000000000000, 'transfer out', 1, 9668, '800000000000000000', '800000000000000001', '2023-08-19 19:43:59', '2023-08-19 19:43:59');
INSERT INTO `t_account_trans_detail` VALUES (852843920293445632, 800000000000000000, 600000000000000000, 'transfer out', 1, 9667, '800000000000000001', '800000000000000000', '2023-08-19 19:44:05', '2023-08-19 19:44:05');
INSERT INTO `t_account_trans_detail` VALUES (852843924248674304, 800000000000000000, 600000000000000000, 'transfer out', 1, 9666, '800000000000000001', '800000000000000000', '2023-08-19 19:44:06', '2023-08-19 19:44:06');
INSERT INTO `t_account_trans_detail` VALUES (852843925028810752, 800000000000000000, 600000000000000000, 'transfer out', 1, 9665, '800000000000000001', '800000000000000000', '2023-08-19 19:44:07', '2023-08-19 19:44:07');
INSERT INTO `t_account_trans_detail` VALUES (852843926006087680, 800000000000000000, 600000000000000000, 'transfer out', 1, 9664, '800000000000000001', '800000000000000000', '2023-08-19 19:44:07', '2023-08-19 19:44:07');
INSERT INTO `t_account_trans_detail` VALUES (852843927616700416, 800000000000000000, 600000000000000000, 'transfer out', 1, 9663, '800000000000000001', '800000000000000000', '2023-08-19 19:44:07', '2023-08-19 19:44:07');
INSERT INTO `t_account_trans_detail` VALUES (852843938282811392, 800000000000000000, 600000000000000000, 'transfer out', 1, 9662, '800000000000000001', '800000000000000000', '2023-08-19 19:44:10', '2023-08-19 19:44:10');
INSERT INTO `t_account_trans_detail` VALUES (852843938605772800, 800000000000000000, 600000000000000000, 'transfer out', 1, 9661, '800000000000000001', '800000000000000000', '2023-08-19 19:44:10', '2023-08-19 19:44:10');
INSERT INTO `t_account_trans_detail` VALUES (852843940375773184, 800000000000000000, 600000000000000000, 'transfer out', 1, 9660, '800000000000000001', '800000000000000000', '2023-08-19 19:44:10', '2023-08-19 19:44:10');
INSERT INTO `t_account_trans_detail` VALUES (852843940489019392, 800000000000000000, 600000000000000000, 'transfer out', 1, 9660, '800000000000000001', '800000000000000000', '2023-08-19 19:44:10', '2023-08-19 19:44:10');
INSERT INTO `t_account_trans_detail` VALUES (852843947518668800, 800000000000000000, 600000000000000000, 'transfer out', 1, 9659, '800000000000000001', '800000000000000000', '2023-08-19 19:44:12', '2023-08-19 19:44:12');
INSERT INTO `t_account_trans_detail` VALUES (852843947736776704, 800000000000000000, 600000000000000000, 'transfer out', 1, 9658, '800000000000000001', '800000000000000000', '2023-08-19 19:44:12', '2023-08-19 19:44:12');
INSERT INTO `t_account_trans_detail` VALUES (852843950073004032, 800000000000000000, 600000000000000000, 'transfer out', 1, 9657, '800000000000000001', '800000000000000000', '2023-08-19 19:44:12', '2023-08-19 19:44:12');
INSERT INTO `t_account_trans_detail` VALUES (852843980641091584, 800000000000000000, 600000000000000000, 'transfer out', 123, 9534, '800000000000000000', '800000000000000001', '2023-08-19 19:44:20', '2023-08-19 19:44:20');
INSERT INTO `t_account_trans_detail` VALUES (852844135368966144, 800000000000000000, 600000000000000000, 'transfer out', 11, 9523, '800000000000000000', '800000000000000001', '2023-08-19 19:44:57', '2023-08-19 19:44:57');
INSERT INTO `t_account_trans_detail` VALUES (852844135599648768, 800000000000000000, 600000000000000000, 'transfer out', 11, 9512, '800000000000000000', '800000000000000001', '2023-08-19 19:44:57', '2023-08-19 19:44:57');
INSERT INTO `t_account_trans_detail` VALUES (852844184446513152, 800000000000000000, 600000000000000000, 'transfer out', 1, 9511, '800000000000000000', '800000000000000001', '2023-08-19 19:45:08', '2023-08-19 19:45:08');
INSERT INTO `t_account_trans_detail` VALUES (852844226880286720, 800000000000000000, 600000000000000000, 'transfer out', 1, 9510, '800000000000000000', '800000000000000001', '2023-08-19 19:45:18', '2023-08-19 19:45:18');
INSERT INTO `t_account_trans_detail` VALUES (852859073362157568, 800000000000000000, 600000000000000000, 'transfer out', 0, 9510, '6222200000000000', '6222200000000097', '2023-08-19 20:40:56', '2023-08-19 20:40:56');
INSERT INTO `t_account_trans_detail` VALUES (852859332326875136, 800000000000000000, 600000000000000000, 'transfer out', 0, 9510, '6222200000000000', '6222200000000045', '2023-08-19 20:41:58', '2023-08-19 20:41:58');
INSERT INTO `t_account_trans_detail` VALUES (852859391542059008, 800000000000000000, 600000000000000000, 'transfer out', 0, 9510, '6222200000000000', '6222200000000045', '2023-08-19 20:42:12', '2023-08-19 20:42:12');
INSERT INTO `t_account_trans_detail` VALUES (852867061573050368, 800000000000000000, 600000000000000000, 'transfer out', 40, 9470, '6222200000000000', '62222000000000099', '2023-08-19 21:16:03', '2023-08-19 21:16:03');
INSERT INTO `t_account_trans_detail` VALUES (852867071190589440, 800000000000000000, 600000000000000000, 'transfer out', 40, 9430, '6222200000000000', '62222000000000099', '2023-08-19 21:16:05', '2023-08-19 21:16:05');
INSERT INTO `t_account_trans_detail` VALUES (852867074729787392, 800000000000000099, 600000000000000099, 'transfer in', 40, 1250, '6222200000000000', '62222000000000099', '2023-08-19 21:16:06', '2023-08-19 21:16:06');
INSERT INTO `t_account_trans_detail` VALUES (852867075046645760, 800000000000000099, 600000000000000099, 'transfer in', 40, 1250, '6222200000000000', '62222000000000099', '2023-08-19 21:16:06', '2023-08-19 21:16:06');
INSERT INTO `t_account_trans_detail` VALUES (852867096859729920, 800000000000000000, 600000000000000000, 'transfer out', 40, 9390, '6222200000000000', '62222000000000099', '2023-08-19 21:16:11', '2023-08-19 21:16:11');
INSERT INTO `t_account_trans_detail` VALUES (852867097213542400, 800000000000000099, 600000000000000099, 'transfer in', 40, 1290, '6222200000000000', '62222000000000099', '2023-08-19 21:16:11', '2023-08-19 21:16:11');
INSERT INTO `t_account_trans_detail` VALUES (852867169551212544, 800000000000000000, 600000000000000000, 'transfer out', 40, 9350, '6222200000000000', '62222000000000099', '2023-08-19 21:16:28', '2023-08-19 21:16:28');
INSERT INTO `t_account_trans_detail` VALUES (852867169699504128, 800000000000000099, 600000000000000099, 'transfer in', 40, 1330, '6222200000000000', '62222000000000099', '2023-08-19 21:16:28', '2023-08-19 21:16:28');
INSERT INTO `t_account_trans_detail` VALUES (852867227642322944, 800000000000000000, 600000000000000000, 'transfer out', 40, 9310, '6222200000000000', '62222000000000067', '2023-08-19 21:16:42', '2023-08-19 21:16:42');
INSERT INTO `t_account_trans_detail` VALUES (852867228507844608, 800000000000000067, 600000000000000067, 'transfer in', 40, 1052, '6222200000000000', '62222000000000067', '2023-08-19 21:16:43', '2023-08-19 21:16:43');
INSERT INTO `t_account_trans_detail` VALUES (852867280463065088, 800000000000000000, 600000000000000000, 'transfer out', 40, 9270, '6222200000000000', '62222000000000034', '2023-08-19 21:16:55', '2023-08-19 21:16:55');
INSERT INTO `t_account_trans_detail` VALUES (852867333636579328, 800000000000000000, 600000000000000000, 'transfer out', 40, 9230, '6222200000000000', '62222000000000034', '2023-08-19 21:17:08', '2023-08-19 21:17:08');
INSERT INTO `t_account_trans_detail` VALUES (852867605389729792, 800000000000000000, 600000000000000000, 'transfer out', 1, 9229, '800000000000000000', '800000000000000001', '2023-08-19 21:18:12', '2023-08-19 21:18:12');
INSERT INTO `t_account_trans_detail` VALUES (852867605603639296, 800000000000000001, 600000000000000001, 'transfer in', 1, 1400, '800000000000000000', '800000000000000001', '2023-08-19 21:18:12', '2023-08-19 21:18:12');
INSERT INTO `t_account_trans_detail` VALUES (852867971424317440, 800000000000000000, 600000000000000000, 'transfer out', 40, 9189, '6222200000000000', '62222000000000034', '2023-08-19 21:19:40', '2023-08-19 21:19:40');
INSERT INTO `t_account_trans_detail` VALUES (852868120324431872, 800000000000000000, 600000000000000000, 'transfer out', 40, 9149, '6222200000000000', '62222000000000034', '2023-08-19 21:20:15', '2023-08-19 21:20:15');
INSERT INTO `t_account_trans_detail` VALUES (852868145624473600, 800000000000000000, 600000000000000000, 'transfer out', 40, 9109, '6222200000000000', '62222000000000034', '2023-08-19 21:20:21', '2023-08-19 21:20:21');
INSERT INTO `t_account_trans_detail` VALUES (852868163682824192, 800000000000000000, 600000000000000000, 'transfer out', 40, 9069, '6222200000000000', '62222000000000034', '2023-08-19 21:20:25', '2023-08-19 21:20:25');
INSERT INTO `t_account_trans_detail` VALUES (852868650325073920, 800000000000000000, 600000000000000000, 'transfer out', 40, 9029, '6222200000000000', '62222000000000034', '2023-08-19 21:22:21', '2023-08-19 21:22:21');
INSERT INTO `t_account_trans_detail` VALUES (852868650998161408, 800000000000000034, 600000000000000034, 'transfer in', 40, 1132, '6222200000000000', '62222000000000034', '2023-08-19 21:22:22', '2023-08-19 21:22:22');
INSERT INTO `t_account_trans_detail` VALUES (852869471922118656, 800000000000000000, 600000000000000000, 'transfer out', 40, 8989, '6222200000000000', '62222000000000001', '2023-08-19 21:25:37', '2023-08-19 21:25:37');
INSERT INTO `t_account_trans_detail` VALUES (852869472102473728, 800000000000000001, 600000000000000001, 'transfer in', 40, 1440, '6222200000000000', '62222000000000001', '2023-08-19 21:25:37', '2023-08-19 21:25:37');
INSERT INTO `t_account_trans_detail` VALUES (852871517677117440, 800000000000000000, 600000000000000000, 'transfer out', 12, 8977, '800000000000000000', '800000000000000090', '2023-08-19 21:33:45', '2023-08-19 21:33:45');
INSERT INTO `t_account_trans_detail` VALUES (852871517854769152, 800000000000000090, 600000000000000090, 'transfer in', 12, 1064, '800000000000000000', '800000000000000090', '2023-08-19 21:33:45', '2023-08-19 21:33:45');
INSERT INTO `t_account_trans_detail` VALUES (852875005246959616, 800000000000000000, 600000000000000000, 'transfer out', 40, 8937, '6222200000000000', '62222000000000001', '2023-08-19 21:47:37', '2023-08-19 21:47:37');
INSERT INTO `t_account_trans_detail` VALUES (852875005511200768, 800000000000000001, 600000000000000001, 'transfer in', 40, 1480, '6222200000000000', '62222000000000001', '2023-08-19 21:47:37', '2023-08-19 21:47:37');
INSERT INTO `t_account_trans_detail` VALUES (852882259232813056, 800000000000000000, 600000000000000000, 'transfer out', 40, 8897, '6222200000000000', '62222000000000001', '2023-08-19 22:16:26', '2023-08-19 22:16:26');
INSERT INTO `t_account_trans_detail` VALUES (852882259392196608, 800000000000000001, 600000000000000001, 'transfer in', 40, 1520, '6222200000000000', '62222000000000001', '2023-08-19 22:16:26', '2023-08-19 22:16:26');
INSERT INTO `t_account_trans_detail` VALUES (852883672472313856, 800000000000000000, 600000000000000000, 'transfer out', 1, 8896, '800000000000000000', '800000000000000099', '2023-08-19 22:22:03', '2023-08-19 22:22:03');
INSERT INTO `t_account_trans_detail` VALUES (852883672616411136, 800000000000000099, 600000000000000099, 'transfer in', 1, 1331, '800000000000000000', '800000000000000099', '2023-08-19 22:22:03', '2023-08-19 22:22:03');
INSERT INTO `t_account_trans_detail` VALUES (852894214525939712, 800000000000000000, 600000000000000000, 'transfer out', 100, 8796, '800000000000000000', '800000000000000099', '2023-08-19 23:03:56', '2023-08-19 23:03:56');
INSERT INTO `t_account_trans_detail` VALUES (852894214714302464, 800000000000000099, 600000000000000099, 'transfer in', 100, 1431, '800000000000000000', '800000000000000099', '2023-08-19 23:03:57', '2023-08-19 23:03:57');
INSERT INTO `t_account_trans_detail` VALUES (853087591250915328, 800000000000000002, 600000000000000002, 'transfer out', 0, 1018, '800000000000000002', '800000000000000099', '2023-08-20 11:52:21', '2023-08-20 11:52:21');
INSERT INTO `t_account_trans_detail` VALUES (853087591393140736, 800000000000000099, 600000000000000099, 'transfer in', 0, 1437, '800000000000000002', '800000000000000099', '2023-08-20 11:52:21', '2023-08-20 11:52:21');
INSERT INTO `t_account_trans_detail` VALUES (853088000510128128, 800000000000000002, 600000000000000002, 'transfer out', 12, 1006, '800000000000000002', '800000000000000098', '2023-08-20 11:53:59', '2023-08-20 11:53:59');
INSERT INTO `t_account_trans_detail` VALUES (853088000712982528, 800000000000000098, 600000000000000098, 'transfer in', 12, 1030, '800000000000000002', '800000000000000098', '2023-08-20 11:53:59', '2023-08-20 11:53:59');
INSERT INTO `t_account_trans_detail` VALUES (853088188352032768, 800000000000000002, 600000000000000002, 'transfer out', 12, 994, '800000000000000002', '800000000000000095', '2023-08-20 11:54:43', '2023-08-20 11:54:43');
INSERT INTO `t_account_trans_detail` VALUES (853088188536201216, 800000000000000095, 600000000000000095, 'transfer in', 12, 1030, '800000000000000002', '800000000000000095', '2023-08-20 11:54:43', '2023-08-20 11:54:43');
INSERT INTO `t_account_trans_detail` VALUES (853088391409000448, 800000000000000002, 600000000000000002, 'transfer out', 12, 982, '800000000000000002', '800000000000000050', '2023-08-20 11:55:32', '2023-08-20 11:55:32');
INSERT INTO `t_account_trans_detail` VALUES (853088392199028736, 800000000000000050, 600000000000000050, 'transfer in', 12, 1030, '800000000000000002', '800000000000000050', '2023-08-20 11:55:32', '2023-08-20 11:55:32');
INSERT INTO `t_account_trans_detail` VALUES (853088531194441728, 800000000000000002, 600000000000000002, 'transfer out', 0, 982, '800000000000000002', '800000000000000090', '2023-08-20 11:56:05', '2023-08-20 11:56:05');
INSERT INTO `t_account_trans_detail` VALUES (853088531342770176, 800000000000000090, 600000000000000090, 'transfer in', 0, 1070, '800000000000000002', '800000000000000090', '2023-08-20 11:56:05', '2023-08-20 11:56:05');
INSERT INTO `t_account_trans_detail` VALUES (853088663361155072, 800000000000000002, 600000000000000002, 'transfer out', 12, 970, '800000000000000002', '800000000000000088', '2023-08-20 11:56:37', '2023-08-20 11:56:37');
INSERT INTO `t_account_trans_detail` VALUES (853088663549517824, 800000000000000088, 600000000000000088, 'transfer in', 12, 1034, '800000000000000002', '800000000000000088', '2023-08-20 11:56:37', '2023-08-20 11:56:37');
INSERT INTO `t_account_trans_detail` VALUES (853088797233078272, 800000000000000002, 600000000000000002, 'transfer out', 1, 969, '800000000000000002', '800000000000000086', '2023-08-20 11:57:09', '2023-08-20 11:57:09');
INSERT INTO `t_account_trans_detail` VALUES (853088797437804544, 800000000000000086, 600000000000000086, 'transfer in', 1, 1019, '800000000000000002', '800000000000000086', '2023-08-20 11:57:09', '2023-08-20 11:57:09');
INSERT INTO `t_account_trans_detail` VALUES (853089208966930432, 800000000000000002, 600000000000000002, 'transfer out', 0, 969, '800000000000000002', '800000000000000010', '2023-08-20 11:58:47', '2023-08-20 11:58:47');
INSERT INTO `t_account_trans_detail` VALUES (853089209071788032, 800000000000000010, 600000000000000010, 'transfer in', 0, 1018, '800000000000000002', '800000000000000010', '2023-08-20 11:58:47', '2023-08-20 11:58:47');
INSERT INTO `t_account_trans_detail` VALUES (853089613515939840, 800000000000000002, 600000000000000002, 'transfer out', 1, 968, '800000000000000002', '800000000000000066', '2023-08-20 12:00:23', '2023-08-20 12:00:23');
INSERT INTO `t_account_trans_detail` VALUES (853089613722959872, 800000000000000066, 600000000000000066, 'transfer in', 1, 1019, '800000000000000002', '800000000000000066', '2023-08-20 12:00:23', '2023-08-20 12:00:23');
INSERT INTO `t_account_trans_detail` VALUES (853103340761772032, 800000000000000002, 600000000000000002, 'transfer out', 1, 967, '800000000000000002', '800000000000000077', '2023-08-20 12:54:56', '2023-08-20 12:54:56');
INSERT INTO `t_account_trans_detail` VALUES (853103340954329088, 800000000000000077, 600000000000000077, 'transfer in', 1, 1019, '800000000000000002', '800000000000000077', '2023-08-20 12:54:56', '2023-08-20 12:54:56');
INSERT INTO `t_account_trans_detail` VALUES (853103523838947328, 800000000000000002, 600000000000000002, 'transfer out', 1, 966, '800000000000000002', '800000000000000012', '2023-08-20 12:55:40', '2023-08-20 12:55:40');
INSERT INTO `t_account_trans_detail` VALUES (853103523977359360, 800000000000000012, 600000000000000012, 'transfer in', 1, 1019, '800000000000000002', '800000000000000012', '2023-08-20 12:55:40', '2023-08-20 12:55:40');
INSERT INTO `t_account_trans_detail` VALUES (853103754112753664, 800000000000000002, 600000000000000002, 'transfer out', 1, 965, '800000000000000002', '800000000000000020', '2023-08-20 12:56:35', '2023-08-20 12:56:35');
INSERT INTO `t_account_trans_detail` VALUES (853103754288914432, 800000000000000020, 600000000000000020, 'transfer in', 1, 1019, '800000000000000002', '800000000000000020', '2023-08-20 12:56:35', '2023-08-20 12:56:35');
INSERT INTO `t_account_trans_detail` VALUES (853103913538248704, 800000000000000002, 600000000000000002, 'transfer out', 1, 964, '800000000000000002', '800000000000000018', '2023-08-20 12:57:13', '2023-08-20 12:57:13');
INSERT INTO `t_account_trans_detail` VALUES (853103913676660736, 800000000000000018, 600000000000000018, 'transfer in', 1, 1019, '800000000000000002', '800000000000000018', '2023-08-20 12:57:13', '2023-08-20 12:57:13');
INSERT INTO `t_account_trans_detail` VALUES (853104005120876544, 800000000000000002, 600000000000000002, 'transfer out', 1, 963, '800000000000000002', '800000000000000010', '2023-08-20 12:57:34', '2023-08-20 12:57:34');
INSERT INTO `t_account_trans_detail` VALUES (853104005246705664, 800000000000000010, 600000000000000010, 'transfer in', 1, 1019, '800000000000000002', '800000000000000010', '2023-08-20 12:57:34', '2023-08-20 12:57:34');
INSERT INTO `t_account_trans_detail` VALUES (853104047946592256, 800000000000000002, 600000000000000002, 'transfer out', 1, 962, '800000000000000002', '800000000000000025', '2023-08-20 12:57:45', '2023-08-20 12:57:45');
INSERT INTO `t_account_trans_detail` VALUES (853104048691302400, 800000000000000025, 600000000000000025, 'transfer in', 1, 1019, '800000000000000002', '800000000000000025', '2023-08-20 12:57:45', '2023-08-20 12:57:45');
INSERT INTO `t_account_trans_detail` VALUES (853104115108110336, 800000000000000002, 600000000000000002, 'transfer out', 1, 961, '800000000000000002', '800000000000000027', '2023-08-20 12:58:01', '2023-08-20 12:58:01');
INSERT INTO `t_account_trans_detail` VALUES (853104115361767424, 800000000000000027, 600000000000000027, 'transfer in', 1, 1019, '800000000000000002', '800000000000000027', '2023-08-20 12:58:01', '2023-08-20 12:58:01');
INSERT INTO `t_account_trans_detail` VALUES (853104190724894720, 800000000000000002, 600000000000000002, 'transfer out', 1, 960, '800000000000000002', '800000000000000033', '2023-08-20 12:58:19', '2023-08-20 12:58:19');
INSERT INTO `t_account_trans_detail` VALUES (853104190888599552, 800000000000000033, 600000000000000033, 'transfer in', 1, 1019, '800000000000000002', '800000000000000033', '2023-08-20 12:58:19', '2023-08-20 12:58:19');
INSERT INTO `t_account_trans_detail` VALUES (853104218298249216, 800000000000000002, 600000000000000002, 'transfer out', 1, 959, '800000000000000002', '800000000000000044', '2023-08-20 12:58:25', '2023-08-20 12:58:25');
INSERT INTO `t_account_trans_detail` VALUES (853104218510282752, 800000000000000044, 600000000000000044, 'transfer in', 1, 1019, '800000000000000002', '800000000000000044', '2023-08-20 12:58:25', '2023-08-20 12:58:25');
INSERT INTO `t_account_trans_detail` VALUES (853104242338127872, 800000000000000002, 600000000000000002, 'transfer out', 1, 958, '800000000000000002', '800000000000000055', '2023-08-20 12:58:31', '2023-08-20 12:58:31');
INSERT INTO `t_account_trans_detail` VALUES (853104242503204864, 800000000000000055, 600000000000000055, 'transfer in', 1, 1019, '800000000000000002', '800000000000000055', '2023-08-20 12:58:31', '2023-08-20 12:58:31');
INSERT INTO `t_account_trans_detail` VALUES (853104264213295104, 800000000000000002, 600000000000000002, 'transfer out', 1, 957, '800000000000000002', '800000000000000077', '2023-08-20 12:58:36', '2023-08-20 12:58:36');
INSERT INTO `t_account_trans_detail` VALUES (853104264359714816, 800000000000000077, 600000000000000077, 'transfer in', 1, 1020, '800000000000000002', '800000000000000077', '2023-08-20 12:58:36', '2023-08-20 12:58:36');
INSERT INTO `t_account_trans_detail` VALUES (853104352220504064, 800000000000000002, 600000000000000002, 'transfer out', 1, 956, '800000000000000002', '800000000000000055', '2023-08-20 12:58:57', '2023-08-20 12:58:57');
INSERT INTO `t_account_trans_detail` VALUES (853104352389775360, 800000000000000055, 600000000000000055, 'transfer in', 1, 1020, '800000000000000002', '800000000000000055', '2023-08-20 12:58:57', '2023-08-20 12:58:57');
INSERT INTO `t_account_trans_detail` VALUES (853104530836811776, 800000000000000002, 600000000000000002, 'transfer out', 1, 955, '800000000000000002', '800000000000000044', '2023-08-20 12:59:40', '2023-08-20 12:59:40');
INSERT INTO `t_account_trans_detail` VALUES (853104530979545088, 800000000000000044, 600000000000000044, 'transfer in', 1, 1020, '800000000000000002', '800000000000000044', '2023-08-20 12:59:40', '2023-08-20 12:59:40');
INSERT INTO `t_account_trans_detail` VALUES (853104550520680448, 800000000000000002, 600000000000000002, 'transfer out', 1, 954, '800000000000000002', '800000000000000055', '2023-08-20 12:59:44', '2023-08-20 12:59:44');
INSERT INTO `t_account_trans_detail` VALUES (853104550671302656, 800000000000000055, 600000000000000055, 'transfer in', 1, 1021, '800000000000000002', '800000000000000055', '2023-08-20 12:59:45', '2023-08-20 12:59:45');
INSERT INTO `t_account_trans_detail` VALUES (853104711018045440, 800000000000000002, 600000000000000002, 'transfer out', 1, 953, '800000000000000002', '800000000000000044', '2023-08-20 13:00:23', '2023-08-20 13:00:23');
INSERT INTO `t_account_trans_detail` VALUES (853104711169036288, 800000000000000044, 600000000000000044, 'transfer in', 1, 1021, '800000000000000002', '800000000000000044', '2023-08-20 13:00:23', '2023-08-20 13:00:23');
INSERT INTO `t_account_trans_detail` VALUES (853104737439838208, 800000000000000002, 600000000000000002, 'transfer out', 1, 952, '800000000000000002', '800000000000000055', '2023-08-20 13:00:29', '2023-08-20 13:00:29');
INSERT INTO `t_account_trans_detail` VALUES (853104737573683200, 800000000000000055, 600000000000000055, 'transfer in', 1, 1022, '800000000000000002', '800000000000000055', '2023-08-20 13:00:29', '2023-08-20 13:00:29');
INSERT INTO `t_account_trans_detail` VALUES (853104842800754688, 800000000000000002, 600000000000000002, 'transfer out', 1, 951, '800000000000000002', '800000000000000044', '2023-08-20 13:00:54', '2023-08-20 13:00:54');
INSERT INTO `t_account_trans_detail` VALUES (853104842937290752, 800000000000000044, 600000000000000044, 'transfer in', 1, 1022, '800000000000000002', '800000000000000044', '2023-08-20 13:00:54', '2023-08-20 13:00:54');
INSERT INTO `t_account_trans_detail` VALUES (853104860920147968, 800000000000000002, 600000000000000002, 'transfer out', 1, 950, '800000000000000002', '800000000000000044', '2023-08-20 13:00:58', '2023-08-20 13:00:58');
INSERT INTO `t_account_trans_detail` VALUES (853104861054492672, 800000000000000044, 600000000000000044, 'transfer in', 1, 1023, '800000000000000002', '800000000000000044', '2023-08-20 13:00:59', '2023-08-20 13:00:59');
INSERT INTO `t_account_trans_detail` VALUES (853105344829583360, 800000000000000002, 600000000000000002, 'transfer out', 1, 949, '800000000000000002', '800000000000000044', '2023-08-20 13:02:54', '2023-08-20 13:02:54');
INSERT INTO `t_account_trans_detail` VALUES (853105344999673856, 800000000000000044, 600000000000000044, 'transfer in', 1, 1024, '800000000000000002', '800000000000000044', '2023-08-20 13:02:54', '2023-08-20 13:02:54');
INSERT INTO `t_account_trans_detail` VALUES (853153174554275840, 800000000000000002, 600000000000000002, 'transfer out', 10, 940, '800000000000000002', '800000000000000044', '2023-08-20 16:12:57', '2023-08-20 16:12:57');
INSERT INTO `t_account_trans_detail` VALUES (853153174713786368, 800000000000000044, 600000000000000044, 'transfer in', 10, 1035, '800000000000000002', '800000000000000044', '2023-08-20 16:12:57', '2023-08-20 16:12:57');
INSERT INTO `t_account_trans_detail` VALUES (853182130169143296, 800000000000000002, 600000000000000002, 'transfer out', 41, 900, '800000000000000002', '800000000000000044', '2023-08-20 18:08:01', '2023-08-20 18:08:01');
INSERT INTO `t_account_trans_detail` VALUES (853182132230545408, 800000000000000044, 600000000000000044, 'transfer in', 41, 1077, '800000000000000002', '800000000000000044', '2023-08-20 18:08:01', '2023-08-20 18:08:01');
INSERT INTO `t_account_trans_detail` VALUES (853482523843452928, 800000000000000002, 600000000000000002, 'transfer out', 0, 902, '800000000000000002', '800000000000000044', '2023-08-21 14:01:40', '2023-08-21 14:01:40');
INSERT INTO `t_account_trans_detail` VALUES (853482524021612544, 800000000000000044, 600000000000000044, 'transfer in', 0, 1079, '800000000000000002', '800000000000000044', '2023-08-21 14:01:40', '2023-08-21 14:01:40');
INSERT INTO `t_account_trans_detail` VALUES (853527247205560320, 800000000000000002, 600000000000000002, 'transfer out', 100, 803, '800000000000000002', '800000000000000044', '2023-08-21 16:59:23', '2023-08-21 16:59:23');
INSERT INTO `t_account_trans_detail` VALUES (853527247379845120, 800000000000000044, 600000000000000044, 'transfer in', 100, 1180, '800000000000000002', '800000000000000044', '2023-08-21 16:59:23', '2023-08-21 16:59:23');
INSERT INTO `t_account_trans_detail` VALUES (853551074006396928, 800000000000000002, 600000000000000002, 'transfer out', 1, 803, '800000000000000002', '800000000000000044', '2023-08-21 18:34:04', '2023-08-21 18:34:04');
INSERT INTO `t_account_trans_detail` VALUES (853551074239401984, 800000000000000044, 600000000000000044, 'transfer in', 1, 1182, '800000000000000002', '800000000000000044', '2023-08-21 18:34:04', '2023-08-21 18:34:04');
INSERT INTO `t_account_trans_detail` VALUES (853560712999333888, 800000000000000002, 600000000000000002, 'transfer out', 10, 793, '800000000000000002', '800000000000000044', '2023-08-21 19:12:22', '2023-08-21 19:12:22');
INSERT INTO `t_account_trans_detail` VALUES (853560713211367424, 800000000000000044, 600000000000000044, 'transfer in', 10, 1192, '800000000000000002', '800000000000000044', '2023-08-21 19:12:22', '2023-08-21 19:12:22');
INSERT INTO `t_account_trans_detail` VALUES (853562150026604544, 800000000000000002, 600000000000000002, 'transfer out', 0, 793, '800000000000000002', '800000000000000005', '2023-08-21 19:18:05', '2023-08-21 19:18:05');
INSERT INTO `t_account_trans_detail` VALUES (853562150249029632, 800000000000000005, 600000000000000005, 'transfer in', 0, 1024, '800000000000000002', '800000000000000005', '2023-08-21 19:18:05', '2023-08-21 19:18:05');
INSERT INTO `t_account_trans_detail` VALUES (853562494773227520, 800000000000000002, 600000000000000002, 'transfer out', 1, 792, '800000000000000002', '800000000000000051', '2023-08-21 19:19:27', '2023-08-21 19:19:27');
INSERT INTO `t_account_trans_detail` VALUES (853562495156436992, 800000000000000051, 600000000000000051, 'transfer in', 1, 1025, '800000000000000002', '800000000000000051', '2023-08-21 19:19:27', '2023-08-21 19:19:27');
INSERT INTO `t_account_trans_detail` VALUES (853822036761116672, 800000000000000002, 600000000000000002, 'transfer out', 11, 784, '800000000000000002', '800000000000000044', '2023-08-22 12:30:47', '2023-08-22 12:30:47');
INSERT INTO `t_account_trans_detail` VALUES (853822039529615360, 800000000000000044, 600000000000000044, 'transfer in', 11, 1206, '800000000000000002', '800000000000000044', '2023-08-22 12:30:47', '2023-08-22 12:30:47');
INSERT INTO `t_account_trans_detail` VALUES (853826002135810048, 800000000000000002, 600000000000000002, 'transfer out', 2, 782, '800000000000000002', '800000000000000044', '2023-08-22 12:46:32', '2023-08-22 12:46:32');
INSERT INTO `t_account_trans_detail` VALUES (853826002819612672, 800000000000000044, 600000000000000044, 'transfer in', 2, 1208, '800000000000000002', '800000000000000044', '2023-08-22 12:46:32', '2023-08-22 12:46:32');
INSERT INTO `t_account_trans_detail` VALUES (853826070459281408, 800000000000000002, 600000000000000002, 'transfer out', 2, 780, '800000000000000002', '800000000000000044', '2023-08-22 12:46:48', '2023-08-22 12:46:48');
INSERT INTO `t_account_trans_detail` VALUES (853826072944181248, 800000000000000044, 600000000000000044, 'transfer in', 2, 1210, '800000000000000002', '800000000000000044', '2023-08-22 12:46:49', '2023-08-22 12:46:49');
INSERT INTO `t_account_trans_detail` VALUES (853858334540562432, 800000000000000002, 600000000000000002, 'transfer out', 87, 700, '800000000000000002', '800000000000000044', '2023-08-22 14:55:01', '2023-08-22 14:55:01');
INSERT INTO `t_account_trans_detail` VALUES (853858334809128960, 800000000000000044, 600000000000000044, 'transfer in', 87, 1304, '800000000000000002', '800000000000000044', '2023-08-22 14:55:01', '2023-08-22 14:55:01');
INSERT INTO `t_account_trans_detail` VALUES (892556767715123200, 800000000000000000, 600000000000000000, 'transfer out', 100, 8720, '6222200000000000', '6222200000000001', '2023-12-07 09:48:46', '2023-12-07 09:48:46');
INSERT INTO `t_account_trans_detail` VALUES (892556772278525952, 800000000000000001, 600000000000000001, 'transfer in', 100, 1644, '6222200000000000', '6222200000000001', '2023-12-07 09:48:47', '2023-12-07 09:48:47');
INSERT INTO `t_account_trans_detail` VALUES (892567187830071296, 800000000000000001, 600000000000000001, 'transfer in', 500, 2144, '6222200000000000', '6222200000000001', '2023-12-07 10:30:10', '2023-12-07 10:30:10');
INSERT INTO `t_account_trans_detail` VALUES (892567190392791040, 800000000000000000, 600000000000000000, 'transfer out', 500, 8220, '6222200000000000', '6222200000000001', '2023-12-07 10:30:11', '2023-12-07 10:30:11');
INSERT INTO `t_account_trans_detail` VALUES (892567193655959552, 800000000000000002, 600000000000000002, 'transfer in', 500, 1202, '6222200000000000', '6222200000000002', '2023-12-07 10:30:12', '2023-12-07 10:30:12');
INSERT INTO `t_account_trans_detail` VALUES (892567196185124864, 800000000000000000, 600000000000000000, 'transfer out', 500, 7720, '6222200000000000', '6222200000000002', '2023-12-07 10:30:12', '2023-12-07 10:30:12');
INSERT INTO `t_account_trans_detail` VALUES (892567507612196864, 800000000000000000, 600000000000000000, 'transfer in', 500, 8220, '6222200000000001', '6222200000000000', '2023-12-07 10:31:27', '2023-12-07 10:31:27');
INSERT INTO `t_account_trans_detail` VALUES (892567510086836224, 800000000000000001, 600000000000000001, 'transfer out', 500, 1644, '6222200000000001', '6222200000000000', '2023-12-07 10:31:27', '2023-12-07 10:31:27');
INSERT INTO `t_account_trans_detail` VALUES (892567512955740160, 800000000000000000, 600000000000000000, 'transfer in', 500, 8720, '6222200000000002', '6222200000000000', '2023-12-07 10:31:28', '2023-12-07 10:31:28');
INSERT INTO `t_account_trans_detail` VALUES (892567515401019392, 800000000000000002, 600000000000000002, 'transfer out', 500, 702, '6222200000000002', '6222200000000000', '2023-12-07 10:31:29', '2023-12-07 10:31:29');
INSERT INTO `t_account_trans_detail` VALUES (894083870017183744, 800000000000000000, 600000000000000000, 'transfer out', 100, 8620, '6222200000000000', '6222200000000001', '2023-12-11 14:56:56', '2023-12-11 14:56:56');
INSERT INTO `t_account_trans_detail` VALUES (894083875058737152, 800000000000000001, 600000000000000001, 'transfer in', 100, 1744, '6222200000000000', '6222200000000001', '2023-12-11 14:56:57', '2023-12-11 14:56:57');
INSERT INTO `t_account_trans_detail` VALUES (894084639973957632, 800000000000000000, 600000000000000000, 'transfer out', 100, 8520, '6222200000000000', '6222200000000001', '2023-12-11 14:59:59', '2023-12-11 14:59:59');
INSERT INTO `t_account_trans_detail` VALUES (894084643019022336, 800000000000000001, 600000000000000001, 'transfer in', 100, 1844, '6222200000000000', '6222200000000001', '2023-12-11 15:00:00', '2023-12-11 15:00:00');
INSERT INTO `t_account_trans_detail` VALUES (894085825003249664, 800000000000000000, 600000000000000000, 'transfer out', 100, 8420, '6222200000000000', '6222200000000001', '2023-12-11 15:04:42', '2023-12-11 15:04:42');
INSERT INTO `t_account_trans_detail` VALUES (894085827989594112, 800000000000000001, 600000000000000001, 'transfer in', 100, 1944, '6222200000000000', '6222200000000001', '2023-12-11 15:04:43', '2023-12-11 15:04:43');
INSERT INTO `t_account_trans_detail` VALUES (894100033329684480, 800000000000000000, 600000000000000000, 'transfer out', 100, 8320, '6222200000000000', '6222200000000001', '2023-12-11 16:01:09', '2023-12-11 16:01:09');
INSERT INTO `t_account_trans_detail` VALUES (894100038878748672, 800000000000000001, 600000000000000001, 'transfer in', 100, 2044, '6222200000000000', '6222200000000001', '2023-12-11 16:01:11', '2023-12-11 16:01:11');
INSERT INTO `t_account_trans_detail` VALUES (894106320012566528, 800000000000000000, 600000000000000000, 'transfer out', 100, 8220, '6222200000000000', '6222200000000001', '2023-12-11 16:26:08', '2023-12-11 16:26:08');
INSERT INTO `t_account_trans_detail` VALUES (894106324961845248, 800000000000000001, 600000000000000001, 'transfer in', 100, 2144, '6222200000000000', '6222200000000001', '2023-12-11 16:26:09', '2023-12-11 16:26:09');
INSERT INTO `t_account_trans_detail` VALUES (894111396731019264, 800000000000000000, 600000000000000000, 'transfer out', 100, 8120, '6222200000000000', '6222200000000001', '2023-12-11 16:46:19', '2023-12-11 16:46:19');
INSERT INTO `t_account_trans_detail` VALUES (894111402665959424, 800000000000000001, 600000000000000001, 'transfer in', 100, 2244, '6222200000000000', '6222200000000001', '2023-12-11 16:46:20', '2023-12-11 16:46:20');
INSERT INTO `t_account_trans_detail` VALUES (894116319745007616, 800000000000000000, 600000000000000000, 'transfer out', 100, 8020, '6222200000000000', '6222200000000001', '2023-12-11 17:05:52', '2023-12-11 17:05:52');
INSERT INTO `t_account_trans_detail` VALUES (894116324555874304, 800000000000000001, 600000000000000001, 'transfer in', 100, 2344, '6222200000000000', '6222200000000001', '2023-12-11 17:05:53', '2023-12-11 17:05:53');
INSERT INTO `t_account_trans_detail` VALUES (894117667014172672, 800000000000000000, 600000000000000000, 'transfer out', 100, 7920, '6222200000000000', '6222200000000001', '2023-12-11 17:11:14', '2023-12-11 17:11:14');
INSERT INTO `t_account_trans_detail` VALUES (894117674035437568, 800000000000000001, 600000000000000001, 'transfer in', 100, 2444, '6222200000000000', '6222200000000001', '2023-12-11 17:11:15', '2023-12-11 17:11:15');
INSERT INTO `t_account_trans_detail` VALUES (896909651265183744, 800000000000000000, 600000000000000000, 'transfer out', 100, 7820, '6222200000000000', '6222200000000001', '2023-12-19 10:05:34', '2023-12-19 10:05:34');
INSERT INTO `t_account_trans_detail` VALUES (896909655509819392, 800000000000000001, 600000000000000001, 'transfer in', 100, 2544, '6222200000000000', '6222200000000001', '2023-12-19 10:05:35', '2023-12-19 10:05:35');
INSERT INTO `t_account_trans_detail` VALUES (896909974646022144, 800000000000000000, 600000000000000000, 'transfer out', 100, 7720, '6222200000000000', '6222200000000001', '2023-12-19 10:06:52', '2023-12-19 10:06:52');
INSERT INTO `t_account_trans_detail` VALUES (896909977439428608, 800000000000000001, 600000000000000001, 'transfer in', 100, 2644, '6222200000000000', '6222200000000001', '2023-12-19 10:06:52', '2023-12-19 10:06:52');
INSERT INTO `t_account_trans_detail` VALUES (896921246447951872, 800000000000000000, 600000000000000000, 'transfer out', 100, 7620, '6222200000000000', '6222200000000001', '2023-12-19 10:51:39', '2023-12-19 10:51:39');
INSERT INTO `t_account_trans_detail` VALUES (896921251032326144, 800000000000000001, 600000000000000001, 'transfer in', 100, 2744, '6222200000000000', '6222200000000001', '2023-12-19 10:51:40', '2023-12-19 10:51:40');
INSERT INTO `t_account_trans_detail` VALUES (896924109744103424, 800000000000000000, 600000000000000000, 'transfer out', 3, 7618, '6222200000000000', '6222200000000001', '2023-12-19 11:03:02', '2023-12-19 11:03:02');
INSERT INTO `t_account_trans_detail` VALUES (896924112759808000, 800000000000000001, 600000000000000001, 'transfer in', 3, 2747, '6222200000000000', '6222200000000001', '2023-12-19 11:03:02', '2023-12-19 11:03:02');

-- ----------------------------
-- Table structure for t_message_info
-- ----------------------------
DROP TABLE IF EXISTS `t_message_info`;
CREATE TABLE `t_message_info`  (
  `id` varchar(40) CHARACTER SET utf8 COLLATE utf8_bin NOT NULL COMMENT 'id',
  `message` varchar(20000) CHARACTER SET utf8 COLLATE utf8_bin NOT NULL,
  `transfer_time` timestamp(0) NOT NULL DEFAULT CURRENT_TIMESTAMP(0) ON UPDATE CURRENT_TIMESTAMP(0),
  `status` tinyint(1) NOT NULL,
  PRIMARY KEY (`id`) USING BTREE
) ENGINE = InnoDB CHARACTER SET = utf8 COLLATE = utf8_bin COMMENT = 'messageInfo' ROW_FORMAT = Dynamic;

-- ----------------------------
-- Records of t_message_info
-- ----------------------------
INSERT INTO `t_message_info` VALUES ('2d64ad99-0cbc-47fa-a85c-bf2b065a34bc', '{\"transfer_out_card_no\":\"6222200000000000\",\"transfer_in_card_no\":\"6222200000000001\",\"transfer_time\":1702951536383,\"transfer_amount\":100}', '2023-12-19 10:05:36', 1);
INSERT INTO `t_message_info` VALUES ('33fb6088-9d30-466b-aa54-07b72247dbf4', '{\"transfer_out_card_no\":\"6222200000000000\",\"transfer_in_card_no\":\"6222200000000001\",\"transfer_time\":1702285876201,\"transfer_amount\":100}', '2023-12-11 17:11:16', 1);
INSERT INTO `t_message_info` VALUES ('718d6289-222c-4f4b-ae37-7d8370220097', '{\"transfer_in_card_no\":\"6222200000000001\",\"value\":100,\"transfer_out_card_no\":\"6222200000000000\"}', '2023-12-11 16:26:11', 1);
INSERT INTO `t_message_info` VALUES ('e85ad3ad-9d72-4878-af19-f21e62cf8b0a', '{\"transfer_out_card_no\":\"6222200000000000\",\"transfer_in_card_no\":\"6222200000000001\",\"transfer_time\":1702951613155,\"transfer_amount\":100}', '2023-12-19 10:06:53', 1);

-- ----------------------------
-- Table structure for t_user_info
-- ----------------------------
DROP TABLE IF EXISTS `t_user_info`;
CREATE TABLE `t_user_info`  (
  `id` bigint(40) NOT NULL COMMENT 'id',
  `user_name` varchar(200) CHARACTER SET utf8 COLLATE utf8_bin NOT NULL,
  `user_phone` varchar(200) CHARACTER SET utf8 COLLATE utf8_bin NOT NULL,
  `user_id_card_no` varchar(200) CHARACTER SET utf8 COLLATE utf8_bin NOT NULL,
  `create_time` timestamp(0) NOT NULL DEFAULT CURRENT_TIMESTAMP(0) COMMENT 'create time{\"searchable\":true}',
  `modify_time` timestamp(0) NOT NULL DEFAULT CURRENT_TIMESTAMP(0) ON UPDATE CURRENT_TIMESTAMP(0) COMMENT 'modified time{\"searchable\":true}',
  PRIMARY KEY (`id`) USING BTREE
) ENGINE = InnoDB CHARACTER SET = utf8 COLLATE = utf8_bin COMMENT = 'userInfo' ROW_FORMAT = Dynamic;

-- ----------------------------
-- Records of t_user_info
-- ----------------------------
INSERT INTO `t_user_info` VALUES (600000000000000000, 'user00000', 'phone00000', 'card00000', '2023-08-17 14:53:11', '2023-08-18 08:14:25');
INSERT INTO `t_user_info` VALUES (600000000000000001, 'user00001', 'phone00001', 'card00001', '2023-08-17 14:52:07', '2023-08-18 08:13:48');
INSERT INTO `t_user_info` VALUES (600000000000000002, 'user00002', 'phone00002', 'card00002', '2023-08-17 14:52:16', '2023-08-18 08:13:53');
INSERT INTO `t_user_info` VALUES (600000000000000003, 'user00003', 'phone00003', 'card00003', '2023-08-17 14:52:25', '2023-08-18 08:13:56');
INSERT INTO `t_user_info` VALUES (600000000000000004, 'user00004', 'phone00004', 'card00004', '2023-08-17 14:52:31', '2023-08-18 08:14:02');
INSERT INTO `t_user_info` VALUES (600000000000000005, 'user00005', 'phone00005', 'card00005', '2023-08-17 14:52:38', '2023-08-18 08:14:05');
INSERT INTO `t_user_info` VALUES (600000000000000006, 'user00006', 'phone00006', 'card00006', '2023-08-17 14:52:44', '2023-08-18 08:14:08');
INSERT INTO `t_user_info` VALUES (600000000000000007, 'user00007', 'phone00007', 'card00007', '2023-08-17 14:52:54', '2023-08-18 08:14:11');
INSERT INTO `t_user_info` VALUES (600000000000000008, 'user00008', 'phone00008', 'card00008', '2023-08-17 14:53:00', '2023-08-18 08:14:20');
INSERT INTO `t_user_info` VALUES (600000000000000009, 'user00009', 'phone00009', 'card00009', '2023-08-17 14:53:06', '2023-08-18 08:14:15');
INSERT INTO `t_user_info` VALUES (600000000000000010, 'user00010', 'phone00010', 'card00010', '2023-08-17 17:21:57', '2023-08-18 08:14:30');
INSERT INTO `t_user_info` VALUES (600000000000000011, 'user00011', 'phone00011', 'card00011', '2023-08-17 17:21:57', '2023-08-18 08:14:33');
INSERT INTO `t_user_info` VALUES (600000000000000012, 'user00012', 'phone00012', 'card00012', '2023-08-17 17:21:57', '2023-08-18 08:14:36');
INSERT INTO `t_user_info` VALUES (600000000000000013, 'user00013', 'phone00013', 'card00013', '2023-08-17 17:21:57', '2023-08-18 08:15:19');
INSERT INTO `t_user_info` VALUES (600000000000000014, 'user00014', 'phone00014', 'card00014', '2023-08-17 17:21:57', '2023-08-18 08:15:23');
INSERT INTO `t_user_info` VALUES (600000000000000015, 'user00015', 'phone00015', 'card00015', '2023-08-17 17:21:57', '2023-08-18 08:15:26');
INSERT INTO `t_user_info` VALUES (600000000000000016, 'user00016', 'phone00016', 'card00016', '2023-08-17 17:21:57', '2023-08-18 08:15:30');
INSERT INTO `t_user_info` VALUES (600000000000000017, 'user00017', 'phone00017', 'card00017', '2023-08-17 17:21:57', '2023-08-18 08:15:34');
INSERT INTO `t_user_info` VALUES (600000000000000018, 'user00018', 'phone00018', 'card00018', '2023-08-17 17:21:57', '2023-08-18 08:15:37');
INSERT INTO `t_user_info` VALUES (600000000000000019, 'user00019', 'phone00019', 'card00019', '2023-08-17 17:21:57', '2023-08-18 08:15:41');
INSERT INTO `t_user_info` VALUES (600000000000000020, 'user00020', 'phone00020', 'card00020', '2023-08-17 17:23:21', '2023-08-18 08:15:48');
INSERT INTO `t_user_info` VALUES (600000000000000021, 'user00021', 'phone00021', 'card00021', '2023-08-17 17:23:21', '2023-08-18 08:15:52');
INSERT INTO `t_user_info` VALUES (600000000000000022, 'user00022', 'phone00022', 'card00022', '2023-08-17 17:23:21', '2023-08-18 08:15:57');
INSERT INTO `t_user_info` VALUES (600000000000000023, 'user00023', 'phone00023', 'card00023', '2023-08-17 17:23:21', '2023-08-18 08:16:02');
INSERT INTO `t_user_info` VALUES (600000000000000024, 'user00024', 'phone00024', 'card00024', '2023-08-17 17:23:21', '2023-08-18 08:16:11');
INSERT INTO `t_user_info` VALUES (600000000000000025, 'user00025', 'phone00025', 'card00025', '2023-08-17 17:23:21', '2023-08-18 08:16:14');
INSERT INTO `t_user_info` VALUES (600000000000000026, 'user00026', 'phone00026', 'card00026', '2023-08-17 17:23:21', '2023-08-18 08:16:18');
INSERT INTO `t_user_info` VALUES (600000000000000027, 'user00027', 'phone00027', 'card00027', '2023-08-17 17:23:21', '2023-08-18 08:16:21');
INSERT INTO `t_user_info` VALUES (600000000000000028, 'user00028', 'phone00028', 'card00028', '2023-08-17 17:23:21', '2023-08-18 08:16:26');
INSERT INTO `t_user_info` VALUES (600000000000000029, 'user00029', 'phone00029', 'card00029', '2023-08-17 17:23:21', '2023-08-18 08:16:33');
INSERT INTO `t_user_info` VALUES (600000000000000030, 'user00030', 'phone00030', 'card00030', '2023-08-17 17:25:05', '2023-08-18 08:16:36');
INSERT INTO `t_user_info` VALUES (600000000000000031, 'user00031', 'phone00031', 'card00031', '2023-08-17 17:25:05', '2023-08-18 08:16:39');
INSERT INTO `t_user_info` VALUES (600000000000000032, 'user00032', 'phone00032', 'card00032', '2023-08-17 17:25:05', '2023-08-18 08:16:42');
INSERT INTO `t_user_info` VALUES (600000000000000033, 'user00033', 'phone00033', 'card00033', '2023-08-17 17:25:05', '2023-08-18 08:16:45');
INSERT INTO `t_user_info` VALUES (600000000000000034, 'user00034', 'phone00034', 'card00034', '2023-08-17 17:25:05', '2023-08-18 08:16:47');
INSERT INTO `t_user_info` VALUES (600000000000000035, 'user00035', 'phone00035', 'card00035', '2023-08-17 17:25:05', '2023-08-18 08:16:54');
INSERT INTO `t_user_info` VALUES (600000000000000036, 'user00036', 'phone00036', 'card00036', '2023-08-17 17:25:05', '2023-08-18 08:16:56');
INSERT INTO `t_user_info` VALUES (600000000000000037, 'user00037', 'phone00037', 'card00037', '2023-08-17 17:25:05', '2023-08-18 08:16:59');
INSERT INTO `t_user_info` VALUES (600000000000000038, 'user00038', 'phone00038', 'card00038', '2023-08-17 17:25:05', '2023-08-18 08:17:03');
INSERT INTO `t_user_info` VALUES (600000000000000039, 'user00039', 'phone00039', 'card00039', '2023-08-17 17:25:05', '2023-08-18 08:17:05');
INSERT INTO `t_user_info` VALUES (600000000000000040, 'user00040', 'phone00040', 'card00040', '2023-08-17 17:32:04', '2023-08-18 08:17:08');
INSERT INTO `t_user_info` VALUES (600000000000000041, 'user00041', 'phone00041', 'card00041', '2023-08-17 17:32:04', '2023-08-18 08:17:10');
INSERT INTO `t_user_info` VALUES (600000000000000042, 'user00042', 'phone00042', 'card00042', '2023-08-17 17:32:04', '2023-08-18 08:17:13');
INSERT INTO `t_user_info` VALUES (600000000000000043, 'user00043', 'phone00043', 'card00043', '2023-08-17 17:32:04', '2023-08-18 08:17:16');
INSERT INTO `t_user_info` VALUES (600000000000000044, 'user00044', 'phone00044', 'card00044', '2023-08-17 17:32:04', '2023-08-18 08:17:19');
INSERT INTO `t_user_info` VALUES (600000000000000045, 'user00045', 'phone00045', 'card00045', '2023-08-17 17:32:04', '2023-08-18 08:17:21');
INSERT INTO `t_user_info` VALUES (600000000000000046, 'user00046', 'phone00046', 'card00046', '2023-08-17 17:32:04', '2023-08-18 08:17:24');
INSERT INTO `t_user_info` VALUES (600000000000000047, 'user00047', 'phone00047', 'card00047', '2023-08-17 17:32:04', '2023-08-18 08:17:29');
INSERT INTO `t_user_info` VALUES (600000000000000048, 'user00048', 'phone00048', 'card00048', '2023-08-17 17:32:04', '2023-08-18 08:17:31');
INSERT INTO `t_user_info` VALUES (600000000000000049, 'user00049', 'phone00049', 'card00049', '2023-08-17 17:32:04', '2023-08-18 08:17:34');
INSERT INTO `t_user_info` VALUES (600000000000000050, 'user00050', 'phone00050', 'card00050', '2023-08-17 17:33:07', '2023-08-18 08:17:52');
INSERT INTO `t_user_info` VALUES (600000000000000051, 'user00051', 'phone00051', 'card00051', '2023-08-17 17:33:07', '2023-08-18 08:17:59');
INSERT INTO `t_user_info` VALUES (600000000000000052, 'user00052', 'phone00052', 'card00052', '2023-08-17 17:33:07', '2023-08-18 08:18:01');
INSERT INTO `t_user_info` VALUES (600000000000000053, 'user00053', 'phone00053', 'card00053', '2023-08-17 17:33:07', '2023-08-18 08:18:04');
INSERT INTO `t_user_info` VALUES (600000000000000054, 'user00054', 'phone00054', 'card00054', '2023-08-17 17:33:07', '2023-08-18 08:18:06');
INSERT INTO `t_user_info` VALUES (600000000000000055, 'user00055', 'phone00055', 'card00055', '2023-08-17 17:33:07', '2023-08-18 08:18:08');
INSERT INTO `t_user_info` VALUES (600000000000000056, 'user00056', 'phone00056', 'card00056', '2023-08-17 17:33:07', '2023-08-18 08:18:11');
INSERT INTO `t_user_info` VALUES (600000000000000057, 'user00057', 'phone00057', 'card00057', '2023-08-17 17:33:07', '2023-08-18 08:18:15');
INSERT INTO `t_user_info` VALUES (600000000000000058, 'user00058', 'phone00058', 'card00058', '2023-08-17 17:33:07', '2023-08-18 08:18:17');
INSERT INTO `t_user_info` VALUES (600000000000000059, 'user00059', 'phone00059', 'card00059', '2023-08-17 17:33:07', '2023-08-18 08:18:20');
INSERT INTO `t_user_info` VALUES (600000000000000060, 'user00060', 'phone00060', 'card00060', '2023-08-17 19:38:47', '2023-08-18 08:18:22');
INSERT INTO `t_user_info` VALUES (600000000000000061, 'user00061', 'phone00061', 'card00061', '2023-08-17 19:38:47', '2023-08-18 08:18:29');
INSERT INTO `t_user_info` VALUES (600000000000000062, 'user00062', 'phone00062', 'card00062', '2023-08-17 19:38:47', '2023-08-18 08:18:31');
INSERT INTO `t_user_info` VALUES (600000000000000063, 'user00063', 'phone00063', 'card00063', '2023-08-17 19:38:47', '2023-08-18 08:18:33');
INSERT INTO `t_user_info` VALUES (600000000000000064, 'user00064', 'phone00064', 'card00064', '2023-08-17 19:38:47', '2023-08-18 08:18:36');
INSERT INTO `t_user_info` VALUES (600000000000000065, 'user00065', 'phone00065', 'card00065', '2023-08-17 19:38:47', '2023-08-18 08:18:38');
INSERT INTO `t_user_info` VALUES (600000000000000066, 'user00066', 'phone00066', 'card00066', '2023-08-17 19:38:47', '2023-08-18 08:18:41');
INSERT INTO `t_user_info` VALUES (600000000000000067, 'user00067', 'phone00067', 'card00067', '2023-08-17 19:38:47', '2023-08-18 08:18:44');
INSERT INTO `t_user_info` VALUES (600000000000000068, 'user00068', 'phone00068', 'card00068', '2023-08-17 19:38:47', '2023-08-18 08:18:47');
INSERT INTO `t_user_info` VALUES (600000000000000069, 'user00069', 'phone00069', 'card00069', '2023-08-17 19:38:47', '2023-08-18 08:18:49');
INSERT INTO `t_user_info` VALUES (600000000000000070, 'user00070', 'phone00070', 'card00070', '2023-08-17 19:40:26', '2023-08-18 08:18:52');
INSERT INTO `t_user_info` VALUES (600000000000000071, 'user00071', 'phone00071', 'card00071', '2023-08-17 19:40:26', '2023-08-18 08:19:01');
INSERT INTO `t_user_info` VALUES (600000000000000072, 'user00072', 'phone00072', 'card00072', '2023-08-17 19:40:26', '2023-08-18 08:19:06');
INSERT INTO `t_user_info` VALUES (600000000000000073, 'user00073', 'phone00073', 'card00073', '2023-08-17 19:40:26', '2023-08-18 08:19:08');
INSERT INTO `t_user_info` VALUES (600000000000000074, 'user00074', 'phone00074', 'card00074', '2023-08-17 19:40:26', '2023-08-18 08:19:11');
INSERT INTO `t_user_info` VALUES (600000000000000075, 'user00075', 'phone00075', 'card00075', '2023-08-17 19:40:26', '2023-08-18 08:19:14');
INSERT INTO `t_user_info` VALUES (600000000000000076, 'user00076', 'phone00076', 'card00076', '2023-08-17 19:40:26', '2023-08-18 08:19:17');
INSERT INTO `t_user_info` VALUES (600000000000000077, 'user00077', 'phone00077', 'card00077', '2023-08-17 19:40:26', '2023-08-18 08:19:19');
INSERT INTO `t_user_info` VALUES (600000000000000078, 'user00078', 'phone00078', 'card00078', '2023-08-17 19:40:26', '2023-08-18 08:19:24');
INSERT INTO `t_user_info` VALUES (600000000000000079, 'user00079', 'phone00079', 'card00079', '2023-08-17 19:40:26', '2023-08-18 08:19:28');
INSERT INTO `t_user_info` VALUES (600000000000000080, 'user00080', 'phone00080', 'card00080', '2023-08-17 19:42:09', '2023-08-18 08:19:30');
INSERT INTO `t_user_info` VALUES (600000000000000081, 'user00081', 'phone00081', 'card00081', '2023-08-17 19:42:09', '2023-08-18 08:19:33');
INSERT INTO `t_user_info` VALUES (600000000000000082, 'user00082', 'phone00082', 'card00082', '2023-08-17 19:42:09', '2023-08-18 08:19:35');
INSERT INTO `t_user_info` VALUES (600000000000000083, 'user00083', 'phone00083', 'card00083', '2023-08-17 19:42:09', '2023-08-18 08:19:38');
INSERT INTO `t_user_info` VALUES (600000000000000084, 'user00084', 'phone00084', 'card00084', '2023-08-17 19:42:09', '2023-08-18 08:19:40');
INSERT INTO `t_user_info` VALUES (600000000000000085, 'user00085', 'phone00085', 'card00085', '2023-08-17 19:42:09', '2023-08-18 08:19:43');
INSERT INTO `t_user_info` VALUES (600000000000000086, 'user00086', 'phone00086', 'card00086', '2023-08-17 19:42:09', '2023-08-18 08:19:46');
INSERT INTO `t_user_info` VALUES (600000000000000087, 'user00087', 'phone00087', 'card00087', '2023-08-17 19:42:09', '2023-08-18 08:19:49');
INSERT INTO `t_user_info` VALUES (600000000000000088, 'user00088', 'phone00088', 'card00088', '2023-08-17 19:42:09', '2023-08-18 08:19:52');
INSERT INTO `t_user_info` VALUES (600000000000000089, 'user00089', 'phone00089', 'card00089', '2023-08-17 19:42:09', '2023-08-18 08:19:55');
INSERT INTO `t_user_info` VALUES (600000000000000090, 'user00090', 'phone00090', 'card00090', '2023-08-17 19:43:19', '2023-08-18 08:19:58');
INSERT INTO `t_user_info` VALUES (600000000000000091, 'user00091', 'phone00091', 'card00091', '2023-08-17 19:43:19', '2023-08-18 08:20:00');
INSERT INTO `t_user_info` VALUES (600000000000000092, 'user00092', 'phone00092', 'card00092', '2023-08-17 19:43:19', '2023-08-18 08:20:02');
INSERT INTO `t_user_info` VALUES (600000000000000093, 'user00093', 'phone00093', 'card00093', '2023-08-17 19:43:19', '2023-08-18 08:20:07');
INSERT INTO `t_user_info` VALUES (600000000000000094, 'user00094', 'phone00094', 'card00094', '2023-08-17 19:43:19', '2023-08-18 08:20:10');
INSERT INTO `t_user_info` VALUES (600000000000000095, 'user00095', 'phone00095', 'card00095', '2023-08-17 19:43:19', '2023-08-18 08:20:13');
INSERT INTO `t_user_info` VALUES (600000000000000096, 'user00096', 'phone00096', 'card00096', '2023-08-17 19:43:19', '2023-08-18 08:20:15');
INSERT INTO `t_user_info` VALUES (600000000000000097, 'user00097', 'phone00097', 'card00097', '2023-08-17 19:43:19', '2023-08-18 08:20:18');
INSERT INTO `t_user_info` VALUES (600000000000000098, 'user00098', 'phone00098', 'card00098', '2023-08-17 19:43:19', '2023-08-18 08:20:21');
INSERT INTO `t_user_info` VALUES (600000000000000099, 'user00099', 'phone00099', 'card00099', '2023-08-17 19:43:19', '2023-08-18 08:20:24');

SET FOREIGN_KEY_CHECKS = 1;
